[{"id":"101","name":"Kabul","provId":"1","geoId":"101","provName":"Kabul","421province":"Kabul","alternateNames":"Kabul.  (Char Dehi, a separate district in 325 district set, was absorbed into the Kabul district in the 1990's.)","district":"Kabul","Code":"0101"},{"id":"105","name":"Deh Sabz","provId":"1","geoId":"102","provName":"Kabul","421province":"Baghlan","alternateNames":"Deh Salah, Dehsalah, Deh-e Salah.","district":"Deh Salah","Code":"0908"},{"id":"106","name":"Shakardara","provId":"1","geoId":"103","provName":"Kabul","421province":"Farah","alternateNames":"Anar Dara, Anardara.","district":"Anar Dara","Code":"3307"},{"id":"102","name":"Paghman","provId":"1","geoId":"104","provName":"Kabul","421province":"Kabul","alternateNames":"Paghman.","district":"Paghman","Code":"0102"},{"id":"103","name":"Chahar Asyab","provId":"1","geoId":"105","provName":"Kabul","421province":"Kabul","alternateNames":"Chahar Asyab, Chaharasyab, Char Asyab, Char Asiab.","district":"Chahar Asyab","Code":"0103"},{"id":"107","name":"Musayi","provId":"1","geoId":"106","provName":"Kabul"},{"id":"104","name":"Bagrami","provId":"1","geoId":"107","provName":"Kabul","421province":"Kabul","alternateNames":"Bagrami.  (There is also a Bagram in Parwan. The airfield is in Baghram of Parwan, not Baghrami.)","district":"Bagrami","Code":"0104"},{"id":"114","name":"Qarabagh","provId":"1","geoId":"108","provName":"Kabul","421province":"Ghazni","alternateNames":"Qara Bagh, Qarabagh, Qarah Bagh.  (There is also a Qara Bagh district of Kabul.)","district":"Qara Bagh","Code":"1111"},{"id":"110","name":"Kalakan","provId":"1","geoId":"109","provName":"Kabul","421province":"Kabul","alternateNames":"Kalakan.","district":"Kalakan","Code":"0110"},{"id":"108","name":"Mir Bacha Kot","provId":"1","geoId":"110","provName":"Kabul","421province":"Kabul","alternateNames":"Mir Bacha Kot, Mirbachakot.","district":"Mir Bacha Kot","Code":"0108"},{"id":"111","name":"Guldara","provId":"1","geoId":"111","provName":"Kabul","421province":"Kabul","alternateNames":"Guldara, Gul Dara, Gul Darah, Guldra.","district":"Guldara","Code":"0111"},{"id":"109","name":"Khak-e- Jabbar","provId":"1","geoId":"112","provName":"Kabul","421province":"Kabul","alternateNames":"Khak-e-Jabar, Khak-i-Jabar, Khak Jabar, Khaki Jabbar.","district":"Khak-e-Jabar","Code":"0109"},{"id":"115","name":"Surobi","provId":"1","geoId":"113","provName":"Kabul"},{"id":"113","name":"Estalef","provId":"1","geoId":"114","provName":"Kabul","421province":"Kabul","alternateNames":"Estalef, Estalif, Istalif, Istalef.","district":"Estalef","Code":"0113"},{"id":"112","name":"Farza","provId":"1","geoId":"115","provName":"Kabul","421province":"Jowzjan","alternateNames":"Darzab.","district":"Darzab","Code":"2811"},{"id":"201","name":"Mahmud-e- Raqi","provId":"2","geoId":"201","provName":"Kapisa"},{"id":"205","name":"Nejrab","provId":"2","geoId":"202","provName":"Kapisa"},{"id":"203","name":"Koh Band","provId":"2","geoId":"203","provName":"Kapisa","421province":"Kapisa","alternateNames":"Koh Band, Kohband.","district":"Koh Band","Code":"0203"},{"id":"202","name":"Hisa Duwum-e- Kohestan","provId":"2","geoId":"204","provName":"Kapisa","421province":"Kapisa","alternateNames":"Hissa-e-Duwumi Kohistan, Hisah-e Dowum-e Kohistan, Kohistan-I-Duwum.  (There is also a Hissa-e-Awali Kohistan in Kapisa, a Kohistan in Badakhshan, another Kohistan in Faryab, and a Kohistanat in Saripul.)","district":"Hissa-e-Duwumi Kohistan","Code":"0202"},{"id":"206","name":"Tagab","provId":"2","geoId":"205","provName":"Kapisa","421province":"Badakhshan","alternateNames":"Tagab, Tagau.","district":"Tagab","Code":"1717"},{"id":"207","name":"Alasay","provId":"2","geoId":"206","provName":"Kapisa","421province":"Kapisa","alternateNames":"Alasai, Ala Say, Alasay.","district":"Alasai","Code":"0207"},{"id":"204","name":"Hesa Awal-e- Kohestan","provId":"2","geoId":"207","provName":"Kapisa"},{"id":"301","name":"Chaharikar","provId":"3","geoId":"301","provName":"Parwan","421province":"Kunduz","alternateNames":"Chahar Darah, Chardarah, Chardara.","district":"Chahar Darah","Code":"1902"},{"id":"305","name":"Jabalussaraj","provId":"3","geoId":"302","provName":"Parwan","421province":"Parwan","alternateNames":"Jabulussaraj, Jabal Saraj, Jablas Saraj, Jabal us Saraj.","district":"Jabulussaraj","Code":"0305"},{"id":"303","name":"Shinwari","provId":"3","geoId":"303","provName":"Parwan","421province":"Nangarhar","alternateNames":"Shinwar, Ghanikhel, Ghani Kahil.  (There is also a Ghani Khel (aka  Qarghayee) district in Laghman.)","district":"Shinwar","Code":"0616"},{"id":"302","name":"Bagram","provId":"3","geoId":"304","provName":"Parwan","421province":"Kabul","alternateNames":"Bagrami.  (There is also a Bagram in Parwan. The airfield is in Baghram of Parwan, not Baghrami.)","district":"Bagrami","Code":"0104"},{"id":"304","name":"Sayd Khel","provId":"3","geoId":"305","provName":"Parwan","421province":"Parwan","alternateNames":"Sayyid Khel, Saydkhel. There is also a Sayyad district in Sar-e-Pul, a Sayyid Karam in Paktia, and a Sayyid Abad district in Wardak.","district":"Sayyid Khel","Code":"0304"},{"id":"306","name":"Salang","provId":"3","geoId":"306","provName":"Parwan","421province":"Parwan","alternateNames":"Salang.","district":"Salang","Code":"0306"},{"id":"307","name":"Syah Gerd","provId":"3","geoId":"307","provName":"Parwan"},{"id":"308","name":"Koh-e- Safi","provId":"3","geoId":"308","provName":"Parwan","421province":"Parwan","alternateNames":"Koh-e-Safi, Koh Safi.","district":"Koh-e-Safi","Code":"0308"},{"id":"310","name":"Shekh  Ali","provId":"3","geoId":"309","provName":"Parwan","421province":"Parwan","alternateNames":"Shaykh Ali, Sheikh Ali, Shekhali, Shaykh 'Ali.","district":"Shaykh Ali","Code":"0310"},{"id":"309","name":"Surkhe Parsa","provId":"3","geoId":"310","provName":"Parwan","421province":"Parwan","alternateNames":"Surkh Parsa, Surkhi Parsa, Surkh-e-Parsa, Surkhe Parsa, Surkh-o Parsa, Lolinge, Lowlenge.","district":"Surkhi Parsa","Code":"0309"},{"id":"401","name":"Maydan Shahr","provId":"4","geoId":"401","provName":"Wardak","421province":"Wardak","alternateNames":"Maidan Shahr, Maydan Shahr, Maydanshahr.","district":"Maidan Shahr","Code":"0401"},{"id":"403","name":"Jalrez","provId":"4","geoId":"402","provName":"Wardak","421province":"Wardak","alternateNames":"Jalrez, Jalrayz.","district":"Jalrez","Code":"0403"},{"id":"402","name":"Nerkh","provId":"4","geoId":"403","provName":"Wardak","421province":"Wardak","alternateNames":"Nerkh","district":"Nerkh","Code":"0402"},{"id":"407","name":"Hesa Awal-e- Behsud","provId":"4","geoId":"404","provName":"Wardak","421province":"Wardak","alternateNames":"Hissa-e-Awal-e-Behsud, Hesa-e Awal-e Behsud, Hisa-i-Awal-i Bihsud.  (There is also a Markazi Behsud district in Wardak, and a Behsud district in Nangarhar.)","district":"Hissa-e-Awal-e-Behsud","Code":"0407"},{"id":"406","name":"Day Mirdad","provId":"4","geoId":"405","provName":"Wardak","421province":"Wardak","alternateNames":"Daimirdad, Daymirdad, Day Mirdad.","district":"Daimirdad","Code":"0406"},{"id":"404","name":"Chak","provId":"4","geoId":"406","provName":"Wardak","421province":"Takhar","alternateNames":"Chal.","district":"Chal","Code":"1805"},{"id":"405","name":"Saydabad","provId":"4","geoId":"407","provName":"Wardak","421province":"Kunar","alternateNames":"Asad Abad, Asadabad.","district":"Asad Abad","Code":"1501"},{"id":"409","name":"Markaz-e-Behsud","provId":"4","geoId":"408","provName":"Wardak","421province":"Wardak","alternateNames":"Markaz-e-Behsud, Markaz-i-Bihsud.  (There is also a Hisa-e-Awal-e-Behsud district in Wardak, and a Behsud district in Nangarhar.)","district":"Markaz-e-Behsud","Code":"0409"},{"id":"408","name":"Jaghatu","provId":"4","geoId":"409","provName":"Wardak","421province":"Ghazni","alternateNames":"Jaghatu, Jaghato, Jighatu, Bahrami Shahid, Bahram-e Shahid, Waeez Shahid, Wais Shahid.  (There is also a Jaghatu in Wardak province.)","district":"Jaghatu","Code":"1106"},{"id":"501","name":"Pul-e- Alam","provId":"5","geoId":"501","provName":"Logar","421province":"Logar","alternateNames":"Puli Alam, Pul-e-Alam, Pul-i-Alam.","district":"Puli Alam","Code":"0501"},{"id":"504","name":"Khoshi","provId":"5","geoId":"502","provName":"Logar","421province":"Khost","alternateNames":"Khost, Matun.","district":"Khost","Code":"1401"},{"id":"505","name":"Mohammad Agha","provId":"5","geoId":"503","provName":"Logar","421province":"Logar","alternateNames":"Mohammad Agha, Mohammadagha.","district":"Mohammad Agha","Code":"0505"},{"id":"502","name":"Baraki Barak","provId":"5","geoId":"504","provName":"Logar","421province":"Logar","alternateNames":"Baraki Barak, Barakibarak, Barak-e-Barak.","district":"Baraki Barak","Code":"0502"},{"id":"503","name":"Charkh","provId":"5","geoId":"505","provName":"Logar","421province":"Balkh","alternateNames":"Char Kent, Charkent, Charkint, Chahar Kent, Char Kant.","district":"Char Kent","Code":"2104"},{"id":"506","name":"Kharwar","provId":"5","geoId":"506","provName":"Logar","421province":"Logar","alternateNames":"Kharwar.","district":"Kharwar","Code":"0506"},{"id":"507","name":"Azra","provId":"5","geoId":"507","provName":"Logar","421province":"Logar","alternateNames":"Azra.","district":"Azra","Code":"0507"},{"id":"601","name":"Jalalabad","provId":"6","geoId":"601","provName":"Nangarhar","421province":"Nangarhar","alternateNames":"Jalalabad, Djalalabad.","district":"Jalalabad","Code":"0601"},{"id":"602","name":"Behsud","provId":"6","geoId":"602","provName":"Nangarhar","421province":"Nangarhar","alternateNames":"Behsud, Bihsud, Behsod.  (There is a Markaz-e-Behsud district, and a Hise-e-Awal-e-Behsud district, both in Wardak.","district":"Behsud","Code":"0602"},{"id":"603","name":"Surkh Rod","provId":"6","geoId":"603","provName":"Nangarhar","421province":"Nangarhar","alternateNames":"Surkh Rud, Surkhrud, Surkh Rod, Surkhrod, Sorkh Roud.","district":"Surkh Rud","Code":"0603"},{"id":"608","name":"Khowgiani","provId":"6","geoId":"604","provName":"Nangarhar"},{"id":"604","name":"Chaparhar","provId":"6","geoId":"605","provName":"Nangarhar","421province":"Kunar","alternateNames":"Chapa Dara, Chapah Darah, Chapadara.","district":"Chapa Dara","Code":"1513"},{"id":"607","name":"Rodat","provId":"6","geoId":"606","provName":"Nangarhar","421province":"Nangarhar","alternateNames":"Rodat.","district":"Rodat","Code":"0607"},{"id":"605","name":"Kama","provId":"6","geoId":"607","provName":"Nangarhar","421province":"Nangarhar","alternateNames":"Kama, Kamah.","district":"Kama","Code":"0605"},{"id":"606","name":"Kuz Kunar","provId":"6","geoId":"608","provName":"Nangarhar","421province":"Nangarhar","alternateNames":"Kuzkunar, Kuz Kunar, Khewa.","district":"Kuzkunar","Code":"0606"},{"id":"612","name":"Dara-e-Nur","provId":"6","geoId":"609","provName":"Nangarhar","421province":"Kunar","alternateNames":"Dara-e-Pech, Dara-I-Pech, Darah-ye Pech, Pech Dara, Mano Gai, Manogai, Manogay.","district":"Dara-e-Pech","Code":"1507"},{"id":"621","name":"Hesarak","provId":"6","geoId":"610","provName":"Nangarhar","421province":"Nangarhar","alternateNames":"Hesarak, Hisarak, Hesarak Ghaljai.","district":"Hesarak","Code":"0621"},{"id":"619","name":"Sherzad","provId":"6","geoId":"611","provName":"Nangarhar","421province":"Nangarhar","alternateNames":"Sher Zad, Sherzad, Shir Zad, Shirzad.","district":"Sher Zad","Code":"0619"},{"id":"611","name":"Pachier Agam","provId":"6","geoId":"612","provName":"Nangarhar","421province":"Nangarhar","alternateNames":"Pachir Wa Agam, Pachiragam.","district":"Pachir Wa Agam","Code":"0611"},{"id":"610","name":"Deh Bala","provId":"6","geoId":"613","provName":"Nangarhar","421province":"Baghlan","alternateNames":"Deh Salah, Dehsalah, Deh-e Salah.","district":"Deh Salah","Code":"0908"},{"id":"613","name":"Kot","provId":"6","geoId":"614","provName":"Nangarhar","421province":"Nangarhar","alternateNames":"Kot.","district":"Kot","Code":"0613"},{"id":"609","name":"Bati Kot","provId":"6","geoId":"615","provName":"Nangarhar","421province":"Nangarhar","alternateNames":"Bati Kot, Batikot.","district":"Bati Kot","Code":"0609"},{"id":"614","name":"Goshta","provId":"6","geoId":"616","provName":"Nangarhar","421province":"Nangarhar","alternateNames":"Goshta.","district":"Goshta","Code":"0614"},{"id":"615","name":"Achin","provId":"6","geoId":"617","provName":"Nangarhar","421province":"Nangarhar","alternateNames":"Achin, Achen, Acheen, Achine.  (Spingar is part of Achin in the 399 and 407 sets.)","district":"Achin","Code":"0615"},{"id":"616","name":"Shinwar","provId":"6","geoId":"618","provName":"Nangarhar","421province":"Nangarhar","alternateNames":"Shinwar, Ghanikhel, Ghani Kahil.  (There is also a Ghani Khel (aka  Qarghayee) district in Laghman.)","district":"Shinwar","Code":"0616"},{"id":"617","name":"Muhmand Dara","provId":"6","geoId":"619","provName":"Nangarhar","421province":"Baghlan","alternateNames":"Andarab, Bano Andarab.","district":"Andarab","Code":"0907"},{"id":"618","name":"Lal Pur","provId":"6","geoId":"620","provName":"Nangarhar"},{"id":"620","name":"Nazian","provId":"6","geoId":"621","provName":"Nangarhar"},{"id":"622","name":"Dur Baba","provId":"6","geoId":"622","provName":"Nangarhar","421province":"Nangarhar","alternateNames":"Dur Baba, Durbaba.","district":"Dur Baba","Code":"0622"},{"id":"701","name":"Mehtarlam","provId":"7","geoId":"701","provName":"Laghman","421province":"Laghman","alternateNames":"Mehterlam, Mehtarlam, Mehtar Lam, Meterlam (incorrect).  (Bak Pash is part of Mehterlam in the 399 set.)","district":"Mehterlam","Code":"0701"},{"id":"703","name":"Alishang","provId":"7","geoId":"702","provName":"Laghman","421province":"Laghman","alternateNames":"Alishing, Alisheng.","district":"Alishing","Code":"0703"},{"id":"702","name":"Qarghayi","provId":"7","geoId":"703","provName":"Laghman","421province":"Laghman","alternateNames":"Qarghayee, Ghani Khel, Qarghayi, Qarghah'i, Ghanikhel, Ghanikhil.  (There is also a Ghani Khel (aka Shinwar) district in Nangarhar.)","district":"Qarghayee","Code":"0702"},{"id":"704","name":"Alingar","provId":"7","geoId":"704","provName":"Laghman","421province":"Laghman","alternateNames":"Alingar, Ali Negar, Alinegar.","district":"Alingar","Code":"0704"},{"id":"705","name":"Daulat Shah","provId":"7","geoId":"705","provName":"Laghman","421province":"Laghman","alternateNames":"Dawlat Shah, Dawlatshah.  (There is also a Dawlatyar in Ghor, a Dawlatabad in Balkh, and another Dawlat Abad in Faryab.)","district":"Dawlat Shah","Code":"0705"},{"id":"801","name":"Bazarak","provId":"8","geoId":"801","provName":"Panjsher","421province":"Badakhshan","alternateNames":"Baharak, Bahorak.  (There is also a Baharak district in Takhar.)","district":"Baharak","Code":"1706"},{"id":"806","name":"Shutul","provId":"8","geoId":"802","provName":"Panjsher","421province":"Panjsher","alternateNames":"Shutul.","district":"Shutul","Code":"0806"},{"id":"802","name":"Rukha","provId":"8","geoId":"803","provName":"Panjsher","421province":"Panjsher","alternateNames":"Rukha, Rokha.","district":"Rukha","Code":"0802"},{"id":"803","name":"Dara","provId":"8","geoId":"804","provName":"Panjsher","421province":"Badakhshan","alternateNames":"Darayim, Darayem, Darah Aim.","district":"Darayim","Code":"1707"},{"id":"804","name":"Khenj (Hes-e- Awal)","provId":"8","geoId":"805","provName":"Panjsher"},{"id":"805","name":"Onaba(Anawa)","provId":"8","geoId":"806","provName":"Panjsher","421province":"Panjsher","alternateNames":"Unaba, Anawa, Anaba, Hisa-e-Char Panjshir.","district":"Unaba","Code":"0805"},{"id":"807","name":"Parian","provId":"8","geoId":"807","provName":"Panjsher"},{"id":"901","name":"Pul-e- khumri","provId":"9","geoId":"901","provName":"Baghlan","421province":"Baghlan","alternateNames":"Pul-i-Khumri, Pul-e-Khumri.","district":"Pul-i-Khumri","Code":"0901"},{"id":"905","name":"Baghlan-e-jadid","provId":"9","geoId":"902","provName":"Baghlan","421province":"Baghlan","alternateNames":"Baghlan-e-Jadeed, Baghlani Markazi, Baghlan Markazi.  (There was once a \"Baghlan\" district.  It is now part of what all of these sets report as Baghlan-e-Jadeed.)","district":"Baghlan-e-Jadeed","Code":"0905"},{"id":"902","name":"Dahana-e-Ghory","provId":"9","geoId":"903","provName":"Baghlan","421province":"Baghlan","alternateNames":"Dahana-e-Ghuri, Dahanah-ye Ghori, Dahana-e-Ghori, Dand-e Ghor.","district":"Dahana-e-Ghuri","Code":"0902"},{"id":"903","name":"Dushi","provId":"9","geoId":"904","provName":"Baghlan","421province":"Baghlan","alternateNames":"Dushi, Doshi.","district":"Dushi","Code":"0903"},{"id":"904","name":"Nahrin","provId":"9","geoId":"905","provName":"Baghlan"},{"id":"911","name":"Tala wa barfak","provId":"9","geoId":"906","provName":"Baghlan","421province":"Baghlan","alternateNames":"Tala Wa Barfak, Talah wa Barfak, Tala Barfak.","district":"Tala Wa Barfak","Code":"0911"},{"id":"906","name":"Khenjan","provId":"9","geoId":"907","provName":"Baghlan","421province":"Baghlan","alternateNames":"Khinjan, Khenjan.","district":"Khinjan","Code":"0906"},{"id":"907","name":"Andarab","provId":"9","geoId":"908","provName":"Baghlan","421province":"Baghlan","alternateNames":"Andarab, Bano Andarab.","district":"Andarab","Code":"0907"},{"id":"909","name":"Khwaja Hejran","provId":"9","geoId":"909","provName":"Baghlan","421province":"Baghlan","alternateNames":"Khwaja Hejran, Jalga, Khwajahejran, Khwajah Higran.","district":"Khwaja Hejran","Code":"0909"},{"id":"910","name":"Burka","provId":"9","geoId":"910","provName":"Baghlan","421province":"Baghlan","alternateNames":"Burka, Barka.","district":"Burka","Code":"0910"},{"id":"912","name":"Pul-e-Hesar","provId":"9","geoId":"911","provName":"Baghlan","421province":"Baghlan","alternateNames":"Pul-e-Hisar, Pul-i Hesar, Pul-e Hesar, Pule Hisar.","district":"Pul-e-Hisar","Code":"0912"},{"id":"908","name":"Deh Salah","provId":"9","geoId":"912","provName":"Baghlan","421province":"Baghlan","alternateNames":"Deh Salah, Dehsalah, Deh-e Salah.","district":"Deh Salah","Code":"0908"},{"id":"913","name":"Khowst wa Fereng","provId":"9","geoId":"913","provName":"Baghlan"},{"id":"914","name":"Guzargah-e- Nur","provId":"9","geoId":"914","provName":"Baghlan","421province":"Baghlan","alternateNames":"Gozargah-e-Noor, Guzargah-e- Nur.","district":"Gozargah-e-Noor","Code":"0914"},{"id":"915","name":"Firing Wa Gharu","provId":"9","geoId":"915","provName":"Baghlan","421province":"Baghlan","alternateNames":"Firing Wa Gharu, Fereng Wa Gharu, Farang wa Gharu, Farang.","district":"Firing Wa Gharu","Code":"0915"},{"id":"1001","name":"Bamyan","provId":"10","geoId":"1001","provName":"Bamyan","421province":"Bamiyan","alternateNames":"Bamyan, Bamian.","district":"Bamyan","Code":"1001"},{"id":"1003","name":"Sayghan","provId":"10","geoId":"1002","provName":"Bamyan","421province":"Bamiyan","alternateNames":"Saighan, Sayghan.","district":"Saighan","Code":"1003"},{"id":"1005","name":"Yakawlang","provId":"10","geoId":"1003","provName":"Bamyan","421province":"Bamiyan","alternateNames":"Yakawlang, Yakawlang No. 1, Yakawlang Hesa-i Awal, Yakawland Hise Awal.  (The 399 and 407 sets show Yakawlang No. 2 as part of Yakawlang.)","district":"Yakawlang","Code":"1005"},{"id":"1006","name":"Panjab","provId":"10","geoId":"1004","provName":"Bamyan","421province":"Bamiyan","alternateNames":"Panjab.","district":"Panjab","Code":"1006"},{"id":"1002","name":"Shibar","provId":"10","geoId":"1005","provName":"Bamyan"},{"id":"1004","name":"Kahmard","provId":"10","geoId":"1006","provName":"Bamyan","421province":"Bamiyan","alternateNames":"Kahmard, Kohmard.","district":"Kahmard","Code":"1004"},{"id":"1007","name":"Waras","provId":"10","geoId":"1007","provName":"Bamyan","421province":"Bamiyan","alternateNames":"Waras.","district":"Waras","Code":"1007"},{"id":"1101","name":"Ghazni","provId":"11","geoId":"1101","provName":"Ghazni","421province":"Ghazni","alternateNames":"Ghazni.","district":"Ghazni","Code":"1101"},{"id":"1103","name":"Khwaja Umari","provId":"11","geoId":"1102","provName":"Ghazni","421province":"Ghazni","alternateNames":"Khwaja Omari, Khwajah Omari, Khwajaumari, Khwaja Umari.","district":"Khwaja Omari","Code":"1103"},{"id":"1102","name":"Wali Muhammad-e- Shahid","provId":"11","geoId":"1103","provName":"Ghazni"},{"id":"1104","name":"Waghaz","provId":"11","geoId":"1104","provName":"Ghazni","421province":"Ghazni","alternateNames":"Waghaz.","district":"Waghaz","Code":"1104"},{"id":"1107","name":"Andar","provId":"11","geoId":"1105","provName":"Ghazni","421province":"Baghlan","alternateNames":"Andarab, Bano Andarab.","district":"Andarab","Code":"0907"},{"id":"1105","name":"Deh Yak","provId":"11","geoId":"1106","provName":"Ghazni","421province":"Ghazni","alternateNames":"Deh Yak, Dehyak, Dih Yak.","district":"Deh Yak","Code":"1105"},{"id":"1108","name":"Zana Khan","provId":"11","geoId":"1107","provName":"Ghazni","421province":"Badakhshan","alternateNames":"Wakhan.","district":"Wakhan","Code":"1728"},{"id":"1109","name":"Rashidan","provId":"11","geoId":"1108","provName":"Ghazni","421province":"Ghazni","alternateNames":"Rashidan.","district":"Rashidan","Code":"1109"},{"id":"1106","name":"Jaghatu","provId":"11","geoId":"1109","provName":"Ghazni","421province":"Ghazni","alternateNames":"Jaghatu, Jaghato, Jighatu, Bahrami Shahid, Bahram-e Shahid, Waeez Shahid, Wais Shahid.  (There is also a Jaghatu in Wardak province.)","district":"Jaghatu","Code":"1106"},{"id":"1111","name":"Qarabagh","provId":"11","geoId":"1110","provName":"Ghazni","421province":"Ghazni","alternateNames":"Qara Bagh, Qarabagh, Qarah Bagh.  (There is also a Qara Bagh district of Kabul.)","district":"Qara Bagh","Code":"1111"},{"id":"1112","name":"Giro","provId":"11","geoId":"1111","provName":"Ghazni","421province":"Ghazni","alternateNames":"Giro.","district":"Giro","Code":"1112"},{"id":"1110","name":"Nawur","provId":"11","geoId":"1112","provName":"Ghazni","421province":"Ghazni","alternateNames":"Nawur.","district":"Nawur","Code":"1110"},{"id":"1114","name":"Jaghuri","provId":"11","geoId":"1113","provName":"Ghazni","421province":"Ghazni","alternateNames":"Jaghuri, Jaghori, Jaghouri.","district":"Jaghuri","Code":"1114"},{"id":"1115","name":"Muqur","provId":"11","geoId":"1114","provName":"Ghazni","421province":"Badghis","alternateNames":"Muqur, Moqur, Moqor.  (There is also a Moqur district in Ghazni.)","district":"Muqur","Code":"3103"},{"id":"1113","name":"Ab Band","provId":"11","geoId":"1115","provName":"Ghazni","421province":"Ghazni","alternateNames":"Ab Band, Abband, Auband.","district":"Ab Band","Code":"1113"},{"id":"1118","name":"Ajrestan","provId":"11","geoId":"1116","provName":"Ghazni","421province":"Ghazni","alternateNames":"Ajristan, Daya, Ajrestan,.","district":"Ajristan","Code":"1118"},{"id":"1116","name":"Malestan","provId":"11","geoId":"1117","provName":"Ghazni","421province":"Ghazni","alternateNames":"Malistan, Malestan.","district":"Malistan","Code":"1116"},{"id":"1117","name":"Gelan","provId":"11","geoId":"1118","provName":"Ghazni","421province":"Ghazni","alternateNames":"Gelan, Gilan, Janda (the distict center).","district":"Gelan","Code":"1117"},{"id":"0","name":"Nawa","provId":"","geoId":"1119","421province":"Ghazni","alternateNames":"Nawa, Nawah.  (There is also a Nawa (aka Nawa-i-Barakzai) in Helmand, and a Nawur district in Ghazni.)","district":"Nawa","Code":"1119"},{"id":"1301","name":"Gardez","provId":"13","geoId":"1201","provName":"Paktya","421province":"Paktia","alternateNames":"Gardez.","district":"Gardez","Code":"1301"},{"id":"1306","name":"Sayed Karam","provId":"13","geoId":"1202","provName":"Paktya","421province":"Paktia","alternateNames":"There is also a Sayyad district in Sar-e-Pul, a Sayyid Khel in Parwan, and a Sayyid Abad district in Wardak.  (Mirzaka is part of Sayyid Karam in the 399 set, and split off in the others.)","district":"Sayyid Karam","Code":"1306"},{"id":"1302","name":"Ahmadaba","provId":"13","geoId":"1203","provName":"Paktya","421province":"Paktia","alternateNames":"Ahmadabad, Ahmad Abad, Ahmadaba.","district":"Ahmadabad","Code":"1302"},{"id":"1303","name":"Zurmat","provId":"13","geoId":"1204","provName":"Paktya","421province":"Paktia","alternateNames":"Zurmat, Zormat.  (Rohany Baba is part of Zurmat in the 399, 407 and 419 sets.)","district":"Zurmat","Code":"1303"},{"id":"1304","name":"Shawak","provId":"13","geoId":"1205","provName":"Paktya","421province":"Paktia","alternateNames":"Shwak, Shawak, Showak.","district":"Shwak","Code":"1304"},{"id":"1305","name":"Zadran","provId":"13","geoId":"1206","provName":"Paktya","421province":"Herat","alternateNames":"Adraskan.","district":"Adraskan","Code":"3209"},{"id":"1308","name":"Lija Ahmad Khel","provId":"13","geoId":"1207","provName":"Paktya","421province":"Paktia","alternateNames":"Laja Ahmad Khel, Ahmadkhel, Ahmad Khel.  (The Laja Mangel area is included in Laja Ahmad Khel in the 399 set.)","district":"Laja Ahmad Khel","Code":"1308"},{"id":"1307","name":"Ali Khel (Jaji)","provId":"13","geoId":"1208","provName":"Paktya","421province":"Paktia","alternateNames":"Jani Khel, Janikhel.  (There is also a Jani Khel in Paktika.)","district":"Jani Khel","Code":"1309"},{"id":"1309","name":"Jani Khel","provId":"13","geoId":"1209","provName":"Paktya","421province":"Paktia","alternateNames":"Jani Khel, Janikhel.  (There is also a Jani Khel in Paktika.)","district":"Jani Khel","Code":"1309"},{"id":"1310","name":"Chamkani","provId":"13","geoId":"1210","provName":"Paktya","421province":"Paktia","alternateNames":"Samkani, Chamkani, Chamkani, Tchamkani, Tsamkani, Samkani, Samkanai.","district":"Samkani","Code":"1310"},{"id":"1311","name":"Dand wa Patan","provId":"13","geoId":"1211","provName":"Paktya","421province":"Paktia","alternateNames":"Dand Patan, Dand wa Patan, Dand-e Patan.  (There is also a Dand district in Kandahar.)","district":"Dand Patan","Code":"1311"},{"id":"1501","name":"Asad Abad","provId":"15","geoId":"1301","provName":"Kunar","421province":"Kunar","alternateNames":"Asad Abad, Asadabad.","district":"Asad Abad","Code":"1501"},{"id":"1503","name":"Wata Pur","provId":"15","geoId":"1302","provName":"Kunar","421province":"Kunar","alternateNames":"Watapoor, Watahpur, Watapur.","district":"Watapoor","Code":"1503"},{"id":"1504","name":"Narang","provId":"15","geoId":"1303","provName":"Kunar","421province":"Farah","alternateNames":"Anar Dara, Anardara.","district":"Anar Dara","Code":"3307"},{"id":"1505","name":"Sarkani","provId":"15","geoId":"1304","provName":"Kunar","421province":"Kunar","alternateNames":"Sar Kani, Sarkani, Sarkano.","district":"Sar Kani","Code":"1505"},{"id":"1502","name":"Marawara","provId":"15","geoId":"1305","provName":"Kunar","421province":"Kunar","alternateNames":"Marawara, Marwara.","district":"Marawara","Code":"1502"},{"id":"1506","name":"Shigal wa shel tan","provId":"15","geoId":"1306","provName":"Kunar"},{"id":"1507","name":"Dara-e-Pech","provId":"15","geoId":"1307","provName":"Kunar","421province":"Kunar","alternateNames":"Dara-e-Pech, Dara-I-Pech, Darah-ye Pech, Pech Dara, Mano Gai, Manogai, Manogay.","district":"Dara-e-Pech","Code":"1507"},{"id":"1509","name":"Chawkay","provId":"15","geoId":"1308","provName":"Kunar"},{"id":"1510","name":"Khas Kunar","provId":"15","geoId":"1309","provName":"Kunar","421province":"Kunar","alternateNames":"Khas Kunar, Khaskunar, Khas.","district":"Khas Kunar","Code":"1510"},{"id":"1512","name":"Dangam","provId":"15","geoId":"1310","provName":"Kunar","421province":"Kandahar","alternateNames":"Daman.","district":"Daman","Code":"2703"},{"id":"1508","name":"Bar Kunar","provId":"15","geoId":"1311","provName":"Kunar","421province":"Kunar","alternateNames":"Bar Kunar, Bar Konar, Barkunar, Asmar.","district":"Bar Kunar","Code":"1508"},{"id":"1511","name":"Ghazi Abad","provId":"15","geoId":"1312","provName":"Kunar","421province":"Kunar","alternateNames":"Ghazi Abad, Ghaziabad.","district":"Ghazi Abad","Code":"1511"},{"id":"1513","name":"Chapa Dara","provId":"15","geoId":"1313","provName":"Kunar","421province":"Ghor","alternateNames":"Char Sada, Chahar Sadah, Charsadda.","district":"Char Sada","Code":"2304"},{"id":"1514","name":"Nurgal","provId":"15","geoId":"1314","provName":"Kunar"},{"id":"1515","name":"Nari","provId":"15","geoId":"1315","provName":"Kunar","421province":"Balkh","alternateNames":"Zari, Zaray.","district":"Zari","Code":"2115"},{"id":"1601","name":"Poruns","provId":"16","geoId":"1401","provName":"Nuristan"},{"id":"1607","name":"Mandol","provId":"16","geoId":"1402","provName":"Nuristan","421province":"Nuristan","alternateNames":"Mandol.","district":"Mandol","Code":"1607"},{"id":"1605","name":"Du Ab","provId":"16","geoId":"1403","provName":"Nuristan","421province":"Nuristan","alternateNames":"Duab, Do Ab, Du’ab.","district":"Duab","Code":"1605"},{"id":"1604","name":"Nurgaram","provId":"16","geoId":"1404","provName":"Nuristan"},{"id":"1603","name":"Wama","provId":"16","geoId":"1405","provName":"Nuristan","421province":"Nangarhar","alternateNames":"Kama, Kamah.","district":"Kama","Code":"0605"},{"id":"1602","name":"Waygal","provId":"16","geoId":"1406","provName":"Nuristan","421province":"Nuristan","alternateNames":"Waygal, Want Wagal, Wegal, Want Wegal.","district":"Waygal","Code":"1602"},{"id":"1606","name":"Kamdesh","provId":"16","geoId":"1407","provName":"Nuristan","421province":"Nuristan","alternateNames":"Kamdesh, Kamdish.","district":"Kamdesh","Code":"1606"},{"id":"1608","name":"Barg-e- Matal","provId":"16","geoId":"1408","provName":"Nuristan","421province":"Nuristan","alternateNames":"Bargi Matal, Barg-i-Matal, Barg-e-Matal, Barg-e-Mataal, Bargromatal.","district":"Bargi Matal","Code":"1608"},{"id":"1701","name":"Faiz Abad","provId":"17","geoId":"1501","provName":"Badakhshan","421province":"Badakhshan","alternateNames":"Faiz Abad, Fayzabad.  (There is also a Faizabad district in Jowzjan.)","district":"Faiz Abad","Code":"1701"},{"id":"1704","name":"Yaftal-e-Sufla","provId":"17","geoId":"1502","provName":"Badakhshan","421province":"Badakhshan","alternateNames":"Yaftal-e-Sufla, Yaftal Payin, Yaftal-i-Paen, Lower Yaftal.","district":"Yaftal-e-Sufla","Code":"1704"},{"id":"1702","name":"Argo","provId":"17","geoId":"1503","provName":"Badakhshan","421province":"Badakhshan","alternateNames":"Argo, Orgu.","district":"Argo","Code":"1702"},{"id":"1703","name":"Arghanj Khwa","provId":"17","geoId":"1504","provName":"Badakhshan","421province":"Badakhshan","alternateNames":"Arghanj Khwah, Arghanjkhwa.","district":"Arghanj Khwah","Code":"1703"},{"id":"1708","name":"Kohistan","provId":"17","geoId":"1505","provName":"Badakhshan","421province":"Badakhshan","alternateNames":"Kohistan, Kohestiani.  (There is also a Kohistan in Faryab, a Hissa-e-Awali Kohistan in Kapisa, a Hissa-e Duome Kohistan in Kapisa, and a Kohistanat in Saripul.)","district":"Kohistan","Code":"1708"},{"id":"1714","name":"Raghistan","provId":"17","geoId":"1506","provName":"Badakhshan","421province":"Badakhshan","alternateNames":"Kohistan, Kohestiani.  (There is also a Kohistan in Faryab, a Hissa-e-Awali Kohistan in Kapisa, a Hissa-e Duome Kohistan in Kapisa, and a Kohistanat in Saripul.)","district":"Kohistan","Code":"1708"},{"id":"1709","name":"Yawan","provId":"17","geoId":"1507","provName":"Badakhshan","421province":"Badakhshan","alternateNames":"Yawan.","district":"Yawan","Code":"1709"},{"id":"1713","name":"Shahr-e-Buzorg","provId":"17","geoId":"1508","provName":"Badakhshan"},{"id":"1711","name":"Teshkan","provId":"17","geoId":"1509","provName":"Badakhshan","421province":"Badakhshan","alternateNames":"Tashkan, Teshkan.","district":"Tashkan","Code":"1711"},{"id":"1707","name":"Darayem","provId":"17","geoId":"1510","provName":"Badakhshan","421province":"Badakhshan","alternateNames":"Darayim, Darayem, Darah Aim.","district":"Darayim","Code":"1707"},{"id":"1705","name":"Khash","provId":"17","geoId":"1511","provName":"Badakhshan","421province":"Badakhshan","alternateNames":"Khash.","district":"Khash","Code":"1705"},{"id":"1706","name":"Baharak","provId":"17","geoId":"1512","provName":"Badakhshan","421province":"Badakhshan","alternateNames":"Baharak, Bahorak.  (There is also a Baharak district in Takhar.)","district":"Baharak","Code":"1706"},{"id":"1712","name":"Shuhada","provId":"17","geoId":"1513","provName":"Badakhshan","421province":"Badakhshan","alternateNames":"Shuhada, Shohada.","district":"Shuhada","Code":"1712"},{"id":"1719","name":"Shighnan","provId":"17","geoId":"1514","provName":"Badakhshan","421province":"Badakhshan","alternateNames":"Shighnan.","district":"Shighnan","Code":"1719"},{"id":"1727","name":"Darwaz-e-Balla","provId":"17","geoId":"1515","provName":"Badakhshan","421province":"Badakhshan","alternateNames":"Darwaz-e-Bala, Upper Darwaz, Mamai, Mam May.  (Several sources mistakenly reverse Mamai, the center of Darwaz-e-Bala, with Nesay, the center of Darwaz-e-Payin.)","district":"Darwaz-e-Bala","Code":"1727"},{"id":"1721","name":"Kof Ab","provId":"17","geoId":"1516","provName":"Badakhshan"},{"id":"1720","name":"Khwahan","provId":"17","geoId":"1517","provName":"Badakhshan","421province":"Badakhshan","alternateNames":"Arghanj Khwah, Arghanjkhwa.","district":"Arghanj Khwah","Code":"1703"},{"id":"1715","name":"Keshem","provId":"17","geoId":"1518","provName":"Badakhshan"},{"id":"1717","name":"Tagab","provId":"17","geoId":"1519","provName":"Badakhshan","421province":"Badakhshan","alternateNames":"Tagab, Tagau.","district":"Tagab","Code":"1717"},{"id":"1718","name":"Yamgan","provId":"17","geoId":"1520","provName":"Badakhshan","421province":"Badakhshan","alternateNames":"Yamgan, Girwan, Yumgan,.","district":"Yamgan","Code":"1718"},{"id":"1710","name":"Jorm","provId":"17","geoId":"1521","provName":"Badakhshan"},{"id":"1716","name":"Warduj","provId":"17","geoId":"1522","provName":"Badakhshan"},{"id":"1723","name":"Ishkashem","provId":"17","geoId":"1523","provName":"Badakhshan","421province":"Badakhshan","alternateNames":"Eshkashim, Ishkashem.  (Eshkashim is sometimes confused with Eshkamish district of Takhar.)","district":"Eshkashim","Code":"1723"},{"id":"1722","name":"Darwaz","provId":"17","geoId":"1524","provName":"Badakhshan"},{"id":"1724","name":"Shaki","provId":"17","geoId":"1525","provName":"Badakhshan"},{"id":"1726","name":"Koran wa Monjan","provId":"17","geoId":"1526","provName":"Badakhshan","421province":"Badakhshan","alternateNames":"Kiran Wa Menjan, Kirn wa Manjan, Koran o Monjan.","district":"Kiran Wa Menjan","Code":"1726"},{"id":"1725","name":"Zebak","provId":"17","geoId":"1527","provName":"Badakhshan","421province":"Badakhshan","alternateNames":"Zebak, Zibak.","district":"Zebak","Code":"1725"},{"id":"1728","name":"Wakhan","provId":"17","geoId":"1528","provName":"Badakhshan","421province":"Badakhshan","alternateNames":"Khwahan.","district":"Khwahan","Code":"1720"},{"id":"1801","name":"Taloqan","provId":"18","geoId":"1601","provName":"Takhar","421province":"Takhar","alternateNames":"Taluqan, Taloqan.","district":"Taluqan","Code":"1801"},{"id":"1802","name":"Hazar Sumuch","provId":"18","geoId":"1602","provName":"Takhar","421province":"Takhar","alternateNames":"Hazar Sumuch, Hazarsumuch, Hazar Sumoch.","district":"Hazar Sumuch","Code":"1802"},{"id":"1803","name":"Baharak","provId":"18","geoId":"1603","provName":"Takhar","421province":"Badakhshan","alternateNames":"Baharak, Bahorak.  (There is also a Baharak district in Takhar.)","district":"Baharak","Code":"1706"},{"id":"1804","name":"Bangi","provId":"18","geoId":"1604","provName":"Takhar","421province":"Helmand","alternateNames":"Sangin.","district":"Sangin","Code":"3008"},{"id":"1805","name":"Chal","provId":"18","geoId":"1605","provName":"Takhar","421province":"Takhar","alternateNames":"Chal.","district":"Chal","Code":"1805"},{"id":"1806","name":"Namak Ab","provId":"18","geoId":"1606","provName":"Takhar","421province":"Badghis","alternateNames":"Ab Kamari, Ab-e Kamari, Abkamari.","district":"Ab Kamari","Code":"3102"},{"id":"1808","name":"Farkhar","provId":"18","geoId":"1607","provName":"Takhar","421province":"Logar","alternateNames":"Charkh, Tchark.","district":"Charkh","Code":"0503"},{"id":"1807","name":"Kalafgan","provId":"18","geoId":"1608","provName":"Takhar","421province":"Kabul","alternateNames":"Kalakan.","district":"Kalakan","Code":"0110"},{"id":"1810","name":"Rostaq","provId":"18","geoId":"1609","provName":"Takhar"},{"id":"1816","name":"Chah Ab","provId":"18","geoId":"1610","provName":"Takhar","421province":"Kabul","alternateNames":"Chahar Asyab, Chaharasyab, Char Asyab, Char Asiab.","district":"Chahar Asyab","Code":"0103"},{"id":"1817","name":"Yangi Qala","provId":"18","geoId":"1611","provName":"Takhar","421province":"Parwan","alternateNames":"Salang.","district":"Salang","Code":"0306"},{"id":"1814","name":"Khwaja Bahawuddin","provId":"18","geoId":"1612","provName":"Takhar","421province":"Takhar","alternateNames":"Khwaja Bahawuddin, Khwajabahauddin, Khwaja Bahauddin.","district":"Khwaja Bahawuddin","Code":"1814"},{"id":"1812","name":"Dasht-e-Qala","provId":"18","geoId":"1613","provName":"Takhar","421province":"Kunduz","alternateNames":"Dasht-e-Archi, Dasht-i-Archi.  (Calbad is part of Dasht-e-Archi in the 399 and 407 sets.)","district":"Dasht-e-Archi","Code":"1906"},{"id":"1809","name":"Khwaja Ghar","provId":"18","geoId":"1614","provName":"Takhar","421province":"Ghazni","alternateNames":"Khwaja Omari, Khwajah Omari, Khwajaumari, Khwaja Umari.","district":"Khwaja Omari","Code":"1103"},{"id":"1811","name":"Ishkamish","provId":"18","geoId":"1615","provName":"Takhar","421province":"Takhar","alternateNames":"Eshkamesh, Ishkamish.  (There is also an Eshkashim district in Badakhshan.)","district":"Eshkamesh","Code":"1811"},{"id":"1813","name":"Warsaj","provId":"18","geoId":"1616","provName":"Takhar","421province":"Takhar","alternateNames":"Warsaj.","district":"Warsaj","Code":"1813"},{"id":"1815","name":"Darqad","provId":"18","geoId":"1617","provName":"Takhar","421province":"Takhar","alternateNames":"Darqad.","district":"Darqad","Code":"1815"},{"id":"1901","name":"Kunduz","provId":"19","geoId":"1701","provName":"Kunduz","421province":"Kunduz","alternateNames":"Kunduz, Konduz.  (Gurtepa is part of the Kunduz capital district in the 399 and 407 sets.)","district":"Kunduz","Code":"1901"},{"id":"1905","name":"Imam Saheb","provId":"19","geoId":"1702","provName":"Kunduz","421province":"Kunduz","alternateNames":"Imam Sahib, Hazrati Imam Sahib, Emamsaheb, Emam Sahib.","district":"Imam Sahib","Code":"1905"},{"id":"1907","name":"Qala-e-Zal","provId":"19","geoId":"1703","provName":"Kunduz","421province":"Kunduz","alternateNames":"Qala-e-Zal, Qala-i-Zal, Qal'ah-ye Zal.","district":"Qala-e-Zal","Code":"1907"},{"id":"1902","name":"Chahar Darah","provId":"19","geoId":"1704","provName":"Kunduz","421province":"Kabul","alternateNames":"Shakar Dara, Shakardara.","district":"Shakar Dara","Code":"0106"},{"id":"1903","name":"Ali Abad","provId":"19","geoId":"1705","provName":"Kunduz","421province":"Kunduz","alternateNames":"Ali Abad, Aliabad.","district":"Ali Abad","Code":"1903"},{"id":"1904","name":"Khan Abad","provId":"19","geoId":"1706","provName":"Kunduz","421province":"Jowzjan","alternateNames":"Khanaqa, Khaniqa.","district":"Khanaqa","Code":"2803"},{"id":"1906","name":"Dasht-e-Archi","provId":"19","geoId":"1707","provName":"Kunduz","421province":"Kunduz","alternateNames":"Dasht-e-Archi, Dasht-i-Archi.  (Calbad is part of Dasht-e-Archi in the 399 and 407 sets.)","district":"Dasht-e-Archi","Code":"1906"},{"id":"2101","name":"Mazar-e-Sharif","provId":"21","geoId":"1801","provName":"Balkh","421province":"Balkh","alternateNames":"Mazar-e-Sharif, Mazar-i-Sharif, Mazar.","district":"Mazar-e-Sharif","Code":"2101"},{"id":"2102","name":"Nahr-e- Shahi","provId":"21","geoId":"1802","provName":"Balkh","421province":"Balkh","alternateNames":"Nahri Shahi, Nahr-e Shahi.","district":"Nahri Shahi","Code":"2102"},{"id":"2112","name":"Shor Tepa","provId":"21","geoId":"1803","provName":"Balkh","421province":"Balkh","alternateNames":"Shortepa, Shortepah, Shortipa.","district":"Shortepa","Code":"2112"},{"id":"2109","name":"Dawlat Abad","provId":"21","geoId":"1804","provName":"Balkh","421province":"Balkh","alternateNames":"Dawlat Abad, Dawlatabad, Dolatabad.  (There is also a Dawlatabad in Faryab, and a Dawlatshah in Laghman, and a Dawlatyar in Ghor.)","district":"Dawlat Abad","Code":"2109"},{"id":"2106","name":"Balkh","provId":"21","geoId":"1805","provName":"Balkh","421province":"Balkh","alternateNames":"Balkh.","district":"Balkh","Code":"2106"},{"id":"2103","name":"Deh Dadi","provId":"21","geoId":"1806","provName":"Balkh","421province":"Balkh","alternateNames":"Dehdadi, Dihdadi.","district":"Dehdadi","Code":"2103"},{"id":"2104","name":"Chahar Kent","provId":"21","geoId":"1807","provName":"Balkh","421province":"Balkh","alternateNames":"Char Kent, Charkent, Charkint, Chahar Kent, Char Kant.","district":"Char Kent","Code":"2104"},{"id":"2105","name":"Marmul","provId":"21","geoId":"1808","provName":"Balkh","421province":"Balkh","alternateNames":"Marmul.","district":"Marmul","Code":"2105"},{"id":"2110","name":"Khulm","provId":"21","geoId":"1809","provName":"Balkh","421province":"Balkh","alternateNames":"Khulm, Khulam, Tashqurghan, Tash Qurghan.","district":"Khulm","Code":"2110"},{"id":"2113","name":"Kaldar","provId":"21","geoId":"1810","provName":"Balkh","421province":"Balkh","alternateNames":"Kaldar.  (The 421 district set shows Sharak-e-Hairatan as part of Kaldar.)","district":"Kaldar","Code":"2113"},{"id":"0","name":"Sharak-e-Hayratan","provId":"","geoId":"1811"},{"id":"2111","name":"Chahar Bolak","provId":"21","geoId":"1812","provName":"Balkh","421province":"Balkh","alternateNames":"Char Bolak, Chahar Bulak, Charbulak.","district":"Char Bolak","Code":"2111"},{"id":"2108","name":"Chemtal","provId":"21","geoId":"1813","provName":"Balkh","421province":"Balkh","alternateNames":"Chimtal, Chemtal, Tchimtal.","district":"Chimtal","Code":"2108"},{"id":"2107","name":"Sholgareh","provId":"21","geoId":"1814","provName":"Balkh","421province":"Balkh","alternateNames":"Sholgara, Sholgarah, Shulgara, Shulgar.","district":"Sholgara","Code":"2107"},{"id":"2114","name":"Kishindeh","provId":"21","geoId":"1815","provName":"Balkh","421province":"Badakhshan","alternateNames":"Kishim, Keshem, Keshm.","district":"Kishim","Code":"1715"},{"id":"2115","name":"Zari","provId":"21","geoId":"1816","provName":"Balkh","421province":"Balkh","alternateNames":"Zari, Zaray.","district":"Zari","Code":"2115"},{"id":"2001","name":"Aybak","provId":"20","geoId":"1901","provName":"Samangan","421province":"Samangan","alternateNames":"Aybak, Aibak.","district":"Aybak","Code":"2001"},{"id":"2002","name":"Hazrat-e- Sultan","provId":"20","geoId":"1902","provName":"Samangan","421province":"Samangan","alternateNames":"Hazrat-e-Sultan, Hazrat Sultan.","district":"Hazrat-e-Sultan","Code":"2002"},{"id":"2004","name":"Feroz Nakhchir","provId":"20","geoId":"1903","provName":"Samangan","421province":"Samangan","alternateNames":"Feroz Nakhcheer, Feroznakhchir, Feroz Nakhchir.","district":"Feroz Nakhcheer","Code":"2004"},{"id":"2006","name":"Darah Suf-e- Payin","provId":"20","geoId":"1904","provName":"Samangan","421province":"Badakhshan","alternateNames":"Darwaz-e-Payin, Darwas-e Pa'in, Nesay, Nesai, Lower Darwaz.  (Several sources mistakenly reverse Mamai, the center of Darwaz-e-Bala, with Nesay, the center of Darwaz-e-Payin.)","district":"Darwaz-e-Payin","Code":"1722"},{"id":"2006","name":"Darah Suf-e-Bala","provId":"20","geoId":"1905","provName":"Samangan","421province":"Badakhshan","alternateNames":"Darwaz-e-Bala, Upper Darwaz, Mamai, Mam May.  (Several sources mistakenly reverse Mamai, the center of Darwaz-e-Bala, with Nesay, the center of Darwaz-e-Payin.)","district":"Darwaz-e-Bala","Code":"1727"},{"id":"2003","name":"Khuram wa Sarbagh","provId":"20","geoId":"1906","provName":"Samangan","421province":"Samangan","alternateNames":"Khuram Wa Sarbagh,Khuram wa Sar Bagh, Khuram Sarbagh.","district":"Khuram Wa Sarbagh","Code":"2003"},{"id":"2005","name":"Ruy-e-Du Ab","provId":"20","geoId":"1907","provName":"Samangan"},{"id":"2201","name":"Sar-e-Pul","provId":"22","geoId":"2001","provName":"Sar-e-Pul","421province":"Baghlan","alternateNames":"Pul-e-Hisar, Pul-i Hesar, Pul-e Hesar, Pule Hisar.","district":"Pul-e-Hisar","Code":"0912"},{"id":"2202","name":"Sayad","provId":"22","geoId":"2002","provName":"Sar-e-Pul","421province":"Saripul","alternateNames":"Sayyad, Sayad.  (There is also a Sayyid Khel district in Parwan, a Sayyid Karam in Paktika, and a Sayyid Abad district in Wardak.)","district":"Sayyad","Code":"2202"},{"id":"2203","name":"Kohistanat","provId":"22","geoId":"2003","provName":"Sar-e-Pul","421province":"Badakhshan","alternateNames":"Kohistan, Kohestiani.  (There is also a Kohistan in Faryab, a Hissa-e-Awali Kohistan in Kapisa, a Hissa-e Duome Kohistan in Kapisa, and a Kohistanat in Saripul.)","district":"Kohistan","Code":"1708"},{"id":"2204","name":"Sozma Qala","provId":"22","geoId":"2004","provName":"Sar-e-Pul","421province":"Saripul","alternateNames":"Sozma Qala, Sozmaqala, Sozmah Qal'ah.","district":"Sozma Qala","Code":"2204"},{"id":"2206","name":"Gosfandi","provId":"22","geoId":"2005","provName":"Sar-e-Pul","421province":"Saripul","alternateNames":"Gosfandi.","district":"Gosfandi","Code":"2206"},{"id":"2207","name":"Balkh Ab","provId":"22","geoId":"2006","provName":"Sar-e-Pul","421province":"Balkh","alternateNames":"Balkh.","district":"Balkh","Code":"2106"},{"id":"2205","name":"Sang(San)Charak","provId":"22","geoId":"2007","provName":"Sar-e-Pul","421province":"Saripul","alternateNames":"Sancharak, Sangcharak.","district":"Sancharak","Code":"2205"},{"id":"2301","name":"Chaghcharan","provId":"23","geoId":"2101","provName":"Ghor","421province":"Faryab","alternateNames":"Khani Charbagh, Khan-e-Char Bagh. Khan-e Chahr Bagh, Khan Chahr Bagh.","district":"Khani Charbagh","Code":"2914"},{"id":"2304","name":"Chahar Sadra","provId":"23","geoId":"2102","provName":"Ghor","421province":"Ghor","alternateNames":"Char Sada, Chahar Sadah, Charsadda.","district":"Char Sada","Code":"2304"},{"id":"2302","name":"Du Lina","provId":"23","geoId":"2103","provName":"Ghor"},{"id":"2303","name":"Dawlat Yar","provId":"23","geoId":"2104","provName":"Ghor","421province":"Ghor","alternateNames":"Dawlatyar, Dolatyar, Dawlat Yar.  (There is also a Dawlatshar in Laghman, a Dawlat Abad in Faryab, and a Dawlatabad in Balkh.)","district":"Dawlatyar","Code":"2303"},{"id":"2306","name":"Shahrak","provId":"23","geoId":"2105","provName":"Ghor","421province":"Badakhshan","alternateNames":"Baharak, Bahorak.  (There is also a Baharak district in Takhar.)","district":"Baharak","Code":"1706"},{"id":"2308","name":"Taywarah","provId":"23","geoId":"2106","provName":"Ghor","421province":"Ghor","alternateNames":"Taywara, Taywarah, Taiwara, Taywaraha.","district":"Taywara","Code":"2308"},{"id":"2305","name":"Pasaband","provId":"23","geoId":"2107","provName":"Ghor","421province":"Ghazni","alternateNames":"Ab Band, Abband, Auband.","district":"Ab Band","Code":"1113"},{"id":"2307","name":"Lal Wa Sarjangal","provId":"23","geoId":"2108","provName":"Ghor","421province":"Ghor","alternateNames":"Lal Wa SarJangal, La'l wa SarJangal.","district":"Lal Wa SarJangal","Code":"2307"},{"id":"2309","name":"Tolak","provId":"23","geoId":"2109","provName":"Ghor"},{"id":"2310","name":"Saghar","provId":"23","geoId":"2110","provName":"Ghor","421province":"Ghor","alternateNames":"Saghar, Sagher.","district":"Saghar","Code":"2310"},{"id":"2401","name":"Nili","provId":"24","geoId":"2201","provName":"Daykundi","421province":"Daikundi","alternateNames":"Nili, Layli.","district":"Nili","Code":"2401"},{"id":"2404","name":"Ashtarlay","provId":"24","geoId":"2202","provName":"Daykundi"},{"id":"2405","name":"Khadir","provId":"24","geoId":"2203","provName":"Daykundi"},{"id":"2406","name":"kiti","provId":"24","geoId":"2204","provName":"Daykundi","421province":"Daikundi","alternateNames":"Giti, Kiti, Gayti.","district":"Giti","Code":"2405"},{"id":"2403","name":"Gizab","provId":"24","geoId":"2205","provName":"Daykundi","421province":"Urozgan","alternateNames":"Gizab, Gezab.  (Patoo is part of Gizab district, and it is part of Daikundi in the 399 and 407 sets.  Gizab (minus Patoo) is part of Urugzan province in the 419 and 421 sets.)","district":"Gizab","Code":"2506"},{"id":"2402","name":"Shahristan","provId":"24","geoId":"2206","provName":"Daykundi","421province":"Balkh","alternateNames":"Nahri Shahi, Nahr-e Shahi.","district":"Nahri Shahi","Code":"2102"},{"id":"2408","name":"Sang-e-Takht","provId":"24","geoId":"2207","provName":"Daykundi","421province":"Daikundi","alternateNames":"Sang-e-Takht, Sangi Takht, Sang-e-Takht Bandar, Bandar.","district":"Sang-e-Takht","Code":"2407"},{"id":"2409","name":"Kajran","provId":"24","geoId":"2208","provName":"Daykundi"},{"id":"2407","name":"Miramor","provId":"24","geoId":"2209","provName":"Daykundi","421province":"Daikundi","alternateNames":"Miramor, Mir Amor.","district":"Miramor","Code":"2406"},{"id":"2501","name":"Tirin Kot","provId":"25","geoId":"2301","provName":"Uruzgan","421province":"Urozgan","alternateNames":"Tirinkot, Tirin Kot, Tarinkot, Tarin Kot.","district":"Tirinkot","Code":"2501"},{"id":"2503","name":"Chora","provId":"25","geoId":"2302","provName":"Uruzgan","421province":"Kandahar","alternateNames":"Ghorak.","district":"Ghorak","Code":"2709"},{"id":"2504","name":"Shahid-e-Hassas","provId":"25","geoId":"2303","provName":"Uruzgan","421province":"Urozgan","alternateNames":"Shahidi Hassas, Shaidi Assas, Charchino, Char China.  (Sia Sang is included in Shahidi Hassas in all district sets, but some consider it to be a district.)","district":"Shahidi Hassas","Code":"2504"},{"id":"2502","name":"Dehrawud","provId":"25","geoId":"2304","provName":"Uruzgan","421province":"Urozgan","alternateNames":"Dehraoud, Dehrawud, Deh Rawud, Deh Rawod, Deh Rawood.","district":"Dehraoud","Code":"2502"},{"id":"2505","name":"Khas Uruzgan","provId":"25","geoId":"2305","provName":"Uruzgan","421province":"Urozgan","alternateNames":"Khas Urozgan, Khasuruzgan, Khas Oruzgan.","district":"Khas Urozgan","Code":"2505"},{"id":"2601","name":"Qalat","provId":"26","geoId":"2401","provName":"Zabul","421province":"Zabul","alternateNames":"Qalat.","district":"Qalat","Code":"2601"},{"id":"2605","name":"Arghandab","provId":"26","geoId":"2402","provName":"Zabul","421province":"Baghlan","alternateNames":"Andarab, Bano Andarab.","district":"Andarab","Code":"0907"},{"id":"2604","name":"Mizan","provId":"26","geoId":"2403","provName":"Zabul","421province":"Zabul","alternateNames":"Mizan.","district":"Mizan","Code":"2604"},{"id":"2602","name":"Tarnak Wa Jaldak","provId":"26","geoId":"2404","provName":"Zabul","421province":"Zabul","alternateNames":"Tarnak wa Jaldak, Jeldak, Jaldak, Shahr-e-Safa, Shar-e-Safa.","district":"Tarnak wa Jaldak","Code":"2602"},{"id":"2603","name":"Shinkay","provId":"26","geoId":"2405","provName":"Zabul","421province":"Zabul","alternateNames":"Shinkai, Shinkay.  (There is also a Shinkai area in Kapisa.  The Surri (or Seuri, Sewray) area is included in Shinkai in all of these district sets.)","district":"Shinkai","Code":"2603"},{"id":"2606","name":"Shah Joy","provId":"26","geoId":"2406","provName":"Zabul","421province":"Zabul","alternateNames":"Shah Joi, Shahjoy, Shajoy, Shahjoi.","district":"Shah Joi","Code":"2606"},{"id":"0","name":"Kakar","provId":"","geoId":"2407","421province":"Zabul","alternateNames":"Kakar, Khak-e-Afghan.","district":"Kakar","Code":"2611"},{"id":"2607","name":"Day chopan","provId":"26","geoId":"2408","provName":"Zabul","421province":"Zabul","alternateNames":"Daichopan, Daychopan, Day Chopan.","district":"Daichopan","Code":"2607"},{"id":"2608","name":"Atghar","provId":"26","geoId":"2409","provName":"Zabul","421province":"Zabul","alternateNames":"Atghar.","district":"Atghar","Code":"2608"},{"id":"2610","name":"Shomulzay","provId":"26","geoId":"2410","provName":"Zabul"},{"id":"2609","name":"Naw Bahar","provId":"26","geoId":"2411","provName":"Zabul","421province":"Badakhshan","alternateNames":"Baharak, Bahorak.  (There is also a Baharak district in Takhar.)","district":"Baharak","Code":"1706"},{"id":"1201","name":"Sharan","provId":"12","geoId":"2501","provName":"Paktika","421province":"Paktika","alternateNames":"Sharan, Sharana.","district":"Sharan","Code":"1201"},{"id":"1202","name":"Mata Khan","provId":"12","geoId":"2502","provName":"Paktika","421province":"Badakhshan","alternateNames":"Wakhan.","district":"Wakhan","Code":"1728"},{"id":"1203","name":"Yosuf Khel","provId":"12","geoId":"2503","provName":"Paktika","421province":"Paktika","alternateNames":"Yosuf Khel, Yosufkhel.","district":"Yosuf Khel","Code":"1203"},{"id":"1205","name":"Sar Hawzeh(Rawzeh)","provId":"12","geoId":"2504","provName":"Paktika"},{"id":"1207","name":"Zarghun Shahr","provId":"12","geoId":"2505","provName":"Paktika","421province":"Paktika","alternateNames":"Zarghun Shahr, Khair Kot, Katawaz, Zarghunshahr.","district":"Zarghun Shahr","Code":"1207"},{"id":"1204","name":"Yahya Khel","provId":"12","geoId":"2506","provName":"Paktika","421province":"Paktika","alternateNames":"Yahya Khel, Yahyakhel, Yahya Khail.","district":"Yahya Khel","Code":"1204"},{"id":"1206","name":"Omna","provId":"12","geoId":"2507","provName":"Paktika","421province":"Paktika","alternateNames":"Omna, Omnah.","district":"Omna","Code":"1206"},{"id":"1208","name":"Gomal","provId":"12","geoId":"2508","provName":"Paktika","421province":"Paktika","alternateNames":"Gomal, Gumal.  (Chaharbaran is part of Gomal in these district sets, but is often refered to as a district.)","district":"Gomal","Code":"1208"},{"id":"1210","name":"Sarobi","provId":"12","geoId":"2509","provName":"Paktika"},{"id":"1211","name":"Urgun","provId":"12","geoId":"2510","provName":"Paktika"},{"id":"1213","name":"Nika","provId":"12","geoId":"2511","provName":"Paktika","421province":"Paktika","alternateNames":"Nika, Neka, Naka.","district":"Nika","Code":"1213"},{"id":"1209","name":"Jani Khel","provId":"12","geoId":"2512","provName":"Paktika","421province":"Paktia","alternateNames":"Jani Khel, Janikhel.  (There is also a Jani Khel in Paktika.)","district":"Jani Khel","Code":"1309"},{"id":"1217","name":"Waza Khah","provId":"12","geoId":"2513","provName":"Paktika","421province":"Badakhshan","alternateNames":"Khwahan.","district":"Khwahan","Code":"1720"},{"id":"1218","name":"Wor Mamay","provId":"12","geoId":"2514","provName":"Paktika","421province":"Paktika","alternateNames":"Wormamay, Wur Mamay, Wormamai, Wormami, Wor Mamay.","district":"Wormamay","Code":"1218"},{"id":"1214","name":"Bermel (Burmul)","provId":"12","geoId":"2515","provName":"Paktika"},{"id":"1215","name":"Gian","provId":"12","geoId":"2516","provName":"Paktika"},{"id":"1212","name":"Ziruk","provId":"12","geoId":"2517","provName":"Paktika","421province":"Paktika","alternateNames":"Ziruk, Zeruk, Zerok, Zirok.","district":"Ziruk","Code":"1212"},{"id":"1216","name":"Dila","provId":"12","geoId":"2518","provName":"Paktika","421province":"Nimroz","alternateNames":"Dilaram, Delaram.  (Dilaram is part of Kashrod in the 399 district set.)","district":"Dilaram","Code":"3406"},{"id":"1219","name":"Turwo (Tarwe)","provId":"12","geoId":"2519","provName":"Paktika","421province":"Paktika","alternateNames":"Turwo, Tarwe, Terwa, Turwa.","district":"Turwo","Code":"1219"},{"id":"1401","name":"Khost(Matun)","provId":"14","geoId":"2601","provName":"Khost","421province":"Khost","alternateNames":"Khost, Matun.","district":"Khost","Code":"1401"},{"id":"1407","name":"Sabri","provId":"14","geoId":"2602","provName":"Khost","421province":"Khost","alternateNames":"Sabari, Sabaro, Yaqubi.","district":"Sabari","Code":"1407"},{"id":"1405","name":"Musa Khel","provId":"14","geoId":"2603","provName":"Khost","421province":"Khost","alternateNames":"Musa Khel, Musakhel, Musakhil.","district":"Musa Khel","Code":"1405"},{"id":"1406","name":"Nadir Shah Kot","provId":"14","geoId":"2604","provName":"Khost","421province":"Khost","alternateNames":"Nadir Shah Kot, Nadirshahkot.","district":"Nadir Shah Kot","Code":"1406"},{"id":"1402","name":"Mando Zayi","provId":"14","geoId":"2605","provName":"Khost","421province":"Khost","alternateNames":"Manduzay, Esmayel Khil, Mandozayi, Manduzai, Ismail Khel, Mando Zayi.","district":"Manduzay","Code":"1402"},{"id":"1404","name":"Tani","provId":"14","geoId":"2606","provName":"Khost"},{"id":"1403","name":"Gurbuz","provId":"14","geoId":"2607","provName":"Khost","421province":"Khost","alternateNames":"Gurbuz.","district":"Gurbuz","Code":"1403"},{"id":"1408","name":"Tere Zayi","provId":"14","geoId":"2608","provName":"Khost"},{"id":"1410","name":"Qalandar","provId":"14","geoId":"2609","provName":"Khost","421province":"Baghlan","alternateNames":"Andarab, Bano Andarab.","district":"Andarab","Code":"0907"},{"id":"1412","name":"Shamal (Shamul)","provId":"14","geoId":"2610","provName":"Khost"},{"id":"1411","name":"Spera","provId":"14","geoId":"2611","provName":"Khost","421province":"Khost","alternateNames":"Spera, Sperah.","district":"Spera","Code":"1411"},{"id":"1409","name":"Bak","provId":"14","geoId":"2612","provName":"Khost","421province":"Badakhshan","alternateNames":"Zebak, Zibak.","district":"Zebak","Code":"1725"},{"id":"1413","name":"Jaji Maydan","provId":"14","geoId":"2613","provName":"Khost","421province":"Khost","alternateNames":"Jaji Maidan, Jajimaydan, Jaji, Zazi Maidan, Zazi, Zazai.","district":"Jaji Maidan","Code":"1413"},{"id":"2801","name":"Shiberghan","provId":"28","geoId":"2701","provName":"Jawzjan","421province":"Jowzjan","alternateNames":"Sheberghan, Shiberghan, Shibirghan.","district":"Sheberghan","Code":"2801"},{"id":"2804","name":"Mingajik","provId":"28","geoId":"2702","provName":"Jawzjan","421province":"Jowzjan","alternateNames":"Mingajik, Mangajek.","district":"Mingajik","Code":"2804"},{"id":"2802","name":"Khwaja Du Koh","provId":"28","geoId":"2703","provName":"Jawzjan","421province":"Jowzjan","alternateNames":"Khwajadukoh, Khwaja Dukoh, Khwajah Do Koh, Kohja Dukoh.","district":"Khwaja Dukoh","Code":"2802"},{"id":"2805","name":"Qush Tepa","provId":"28","geoId":"2704","provName":"Jawzjan","421province":"Jowzjan","alternateNames":"Qush Tepa, Qushtepa, Qushtipa.","district":"Qush Tepa","Code":"2805"},{"id":"2808","name":"Fayz Abad","provId":"28","geoId":"2705","provName":"Jawzjan","421province":"Badakhshan","alternateNames":"Faiz Abad, Fayzabad.  (There is also a Faizabad district in Jowzjan.)","district":"Faiz Abad","Code":"1701"},{"id":"2803","name":"Khanaqa","provId":"28","geoId":"2706","provName":"Jawzjan","421province":"Ghazni","alternateNames":"Zanakhan, Zana Khan.","district":"Zanakhan","Code":"1108"},{"id":"2807","name":"Aqcha","provId":"28","geoId":"2707","provName":"Jawzjan","421province":"Jowzjan","alternateNames":"Aqchah, Aqcha.","district":"Aqchah","Code":"2807"},{"id":"2809","name":"Mardyan","provId":"28","geoId":"2708","provName":"Jawzjan","421province":"Jowzjan","alternateNames":"Mardyan, Mardian, Murdian.","district":"Mardyan","Code":"2809"},{"id":"2810","name":"Qarqin","provId":"28","geoId":"2709","provName":"Jawzjan","421province":"Jowzjan","alternateNames":"Qarqin, Qarqeen.","district":"Qarqin","Code":"2810"},{"id":"2806","name":"Khamyab","provId":"28","geoId":"2710","provName":"Jawzjan","421province":"Jowzjan","alternateNames":"Khamyab, Khamab, Kham Aab, Khamaab.","district":"Khamyab","Code":"2806"},{"id":"2811","name":"Darz Ab","provId":"28","geoId":"2711","provName":"Jawzjan","421province":"Jowzjan","alternateNames":"Darzab.","district":"Darzab","Code":"2811"},{"id":"2901","name":"Maymana","provId":"29","geoId":"2801","provName":"Faryab","421province":"Faryab","alternateNames":"Maimana, Maymana, Maimanah.","district":"Maimana","Code":"2901"},{"id":"2903","name":"Khwaja Sabzposh","provId":"29","geoId":"2802","provName":"Faryab","421province":"Faryab","alternateNames":"Khwaja Sabz Posh, Khwajasabzposh.","district":"Khwaja Sabz Posh","Code":"2903"},{"id":"2902","name":"Pashtun kot","provId":"29","geoId":"2803","provName":"Faryab","421province":"Faryab","alternateNames":"Pashtun Kot, Pashtunkot.","district":"Pashtun Kot","Code":"2902"},{"id":"2906","name":"Shirin Tagab","provId":"29","geoId":"2804","provName":"Faryab","421province":"Faryab","alternateNames":"Shirin Tagab, Shirintagab, Sherin Tagab, Sherin Tagau.  (There is also a Tagab in Kapisa and in Badakhshan.)","district":"Shirin Tagab","Code":"2906"},{"id":"2904","name":"Almar","provId":"29","geoId":"2805","provName":"Faryab","421province":"Faryab","alternateNames":"Almar.","district":"Almar","Code":"2904"},{"id":"2907","name":"Qaysar","provId":"29","geoId":"2806","provName":"Faryab"},{"id":"2910","name":"Kohistan","provId":"29","geoId":"2807","provName":"Faryab","421province":"Badakhshan","alternateNames":"Kohistan, Kohestiani.  (There is also a Kohistan in Faryab, a Hissa-e-Awali Kohistan in Kapisa, a Hissa-e Duome Kohistan in Kapisa, and a Kohistanat in Saripul.)","district":"Kohistan","Code":"1708"},{"id":"2908","name":"Garziwan","provId":"29","geoId":"2808","provName":"Faryab","421province":"Faryab","alternateNames":"Gurziwan, Garziwan, Gorzivan.","district":"Gurziwan","Code":"2908"},{"id":"2905","name":"Bil Cheragh","provId":"29","geoId":"2809","provName":"Faryab","421province":"Faryab","alternateNames":"Bilchiragh, Bilcheragh, Bal Chiragh, Belcheragh.","district":"Bilchiragh","Code":"2905"},{"id":"2909","name":"Dawlat Abad","provId":"29","geoId":"2810","provName":"Faryab","421province":"Balkh","alternateNames":"Dawlat Abad, Dawlatabad, Dolatabad.  (There is also a Dawlatabad in Faryab, and a Dawlatshah in Laghman, and a Dawlatyar in Ghor.)","district":"Dawlat Abad","Code":"2109"},{"id":"2913","name":"Andkhoy","provId":"29","geoId":"2811","provName":"Faryab","421province":"Faryab","alternateNames":"Andkhoy, Andkhoi.","district":"Andkhoy","Code":"2913"},{"id":"2911","name":"Qaram Qol","provId":"29","geoId":"2812","provName":"Faryab","421province":"Faryab","alternateNames":"Qaram Qul, Qaramqol.","district":"Qaram Qul","Code":"2911"},{"id":"2914","name":"Khan-e-Chahar Bagh","provId":"29","geoId":"2813","provName":"Faryab","421province":"Faryab","alternateNames":"Khani Charbagh, Khan-e-Char Bagh. Khan-e Chahr Bagh, Khan Chahr Bagh.","district":"Khani Charbagh","Code":"2914"},{"id":"2912","name":"Qorghan","provId":"29","geoId":"2814","provName":"Faryab","421province":"Faryab","alternateNames":"Qurghan, Qorghan.","district":"Qurghan","Code":"2912"},{"id":"3101","name":"Qala-e-Naw","provId":"31","geoId":"2901","provName":"Badghis","421province":"Kunduz","alternateNames":"Qala-e-Zal, Qala-i-Zal, Qal'ah-ye Zal.","district":"Qala-e-Zal","Code":"1907"},{"id":"3103","name":"Muqur","provId":"31","geoId":"2902","provName":"Badghis","421province":"Badghis","alternateNames":"Muqur, Moqur, Moqor.  (There is also a Moqur district in Ghazni.)","district":"Muqur","Code":"3103"},{"id":"3102","name":"Ab Kamari","provId":"31","geoId":"2903","provName":"Badghis","421province":"Badghis","alternateNames":"Ab Kamari, Ab-e Kamari, Abkamari.","district":"Ab Kamari","Code":"3102"},{"id":"3104","name":"Qadis","provId":"31","geoId":"2904","provName":"Badghis","421province":"Badghis","alternateNames":"Qadis.  (Some consider Dara-e Bom to be a district.  It is included in Qadis here.)","district":"Qadis","Code":"3104"},{"id":"3106","name":"Jawand","provId":"31","geoId":"2905","provName":"Badghis","421province":"Badakhshan","alternateNames":"Yawan.","district":"Yawan","Code":"1709"},{"id":"3105","name":"Bala Murghab","provId":"31","geoId":"2906","provName":"Badghis","421province":"Badghis","alternateNames":"Murghab, Bala Murghab, Balamerghab.","district":"Murghab","Code":"3105"},{"id":"3107","name":"Ghormach","provId":"31","geoId":"2907","provName":"Badghis","421province":"Badghis","alternateNames":"Ghormach, Ghormuch.  (All of the district sets presented here list Ghormach in Badghis.  The IDLG, along with many news sources, report it as part of Faryab.)","district":"Ghormach","Code":"3107"},{"id":"3201","name":"Hirat","provId":"32","geoId":"3001","provName":"Hirat"},{"id":"3202","name":"Injil","provId":"32","geoId":"3002","provName":"Hirat","421province":"Herat","alternateNames":"Enjil, Injil.","district":"Enjil","Code":"3202"},{"id":"3207","name":"Kushk","provId":"32","geoId":"3003","provName":"Hirat","421province":"Herat","alternateNames":"Kushk, Rubat-i-Sangi, Rabat Sangi.","district":"Kushk","Code":"3207"},{"id":"3205","name":"Zinda Jan","provId":"32","geoId":"3004","provName":"Hirat"},{"id":"3203","name":"Guzara","provId":"32","geoId":"3005","provName":"Hirat"},{"id":"3206","name":"Pashtun  Zarghun","provId":"32","geoId":"3006","provName":"Hirat","421province":"Herat","alternateNames":"Pashtun Zarghun, Pashtoon Zarghoon, Pashtunzarghun.","district":"Pashtun Zarghun","Code":"3206"},{"id":"3204","name":"Karukh","provId":"32","geoId":"3007","provName":"Hirat","421province":"Herat","alternateNames":"Karrukh, Karukh.","district":"Karrukh","Code":"3204"},{"id":"3208","name":"Gulran","provId":"32","geoId":"3008","provName":"Hirat","421province":"Herat","alternateNames":"Gulran, Golran.","district":"Gulran","Code":"3208"},{"id":"3211","name":"Ghoryan","provId":"32","geoId":"3009","provName":"Hirat","421province":"Herat","alternateNames":"Ghoryan, Ghorian.","district":"Ghoryan","Code":"3211"},{"id":"3209","name":"Adraskan","provId":"32","geoId":"3010","provName":"Hirat","421province":"Herat","alternateNames":"Adraskan.","district":"Adraskan","Code":"3209"},{"id":"3215","name":"Farsi","provId":"32","geoId":"3011","provName":"Hirat","421province":"Herat","alternateNames":"Farsi.","district":"Farsi","Code":"3215"},{"id":"3212","name":"Obe","provId":"32","geoId":"3012","provName":"Hirat","421province":"Herat","alternateNames":"Obe, Oba, Obeh.","district":"Obe","Code":"3212"},{"id":"3210","name":"Kushk-e-Kohna","provId":"32","geoId":"3013","provName":"Hirat","421province":"Herat","alternateNames":"Kushk-i-Kuhna, Kushk-e-Kohna, Kashak Kohna, Koshk-e Kohna.","district":"Kushk-i-Kuhna","Code":"3210"},{"id":"3213","name":"Kohsan","provId":"32","geoId":"3014","provName":"Hirat","421province":"Herat","alternateNames":"Kohsan, Kehsan, Kashan.","district":"Kohsan","Code":"3213"},{"id":"3214","name":"Shindand","provId":"32","geoId":"3015","provName":"Hirat","421province":"Herat","alternateNames":"Shindand, Sabzwar. Shindand, Esfezar (Shindand's five buluk subdivisions were split into five districts in the 419 and 421 set.  One of them still named Shindand.)","district":"Shindand","Code":"3214"},{"id":"3216","name":"Chisht-e-Sharif","provId":"32","geoId":"3016","provName":"Hirat","421province":"Herat","alternateNames":"Chishti Sharif, Chisht-e-Sharif, Khwaja Chist.","district":"Chishti Sharif","Code":"3216"},{"id":"3301","name":"Farah","provId":"33","geoId":"3101","provName":"Farah","421province":"Farah","alternateNames":"Farah.","district":"Farah","Code":"3301"},{"id":"3308","name":"Bakwa","provId":"33","geoId":"3102","provName":"Farah","421province":"Farah","alternateNames":"Bakwa.","district":"Bakwa","Code":"3308"},{"id":"3306","name":"Bala Buluk","provId":"33","geoId":"3103","provName":"Farah","421province":"Farah","alternateNames":"Bala Buluk, Bala Boluk, Balabuluk.","district":"Bala Buluk","Code":"3306"},{"id":"3303","name":"Khak-e-Safed","provId":"33","geoId":"3104","provName":"Farah","421province":"Farah","alternateNames":"Khak-i-Safed, Khak-e-Safed, Khak-i-Safid.","district":"Khak-i-Safed","Code":"3303"},{"id":"3302","name":"Pusht Rod","provId":"33","geoId":"3105","provName":"Farah","421province":"Farah","alternateNames":"Pushtrud, Pushtrod, Pusht-e Rod, Pusht Road, Poshtrud.","district":"Pushtrud","Code":"3302"},{"id":"3304","name":"Qala-e-Kah","provId":"33","geoId":"3106","provName":"Farah","421province":"Farah","alternateNames":"Qala-i-Kah, Qala-e-Kah, Qalah-e Kah Qul'ah-ye Kah, Pusht Koh.","district":"Qala-i-Kah","Code":"3304"},{"id":"3305","name":"Shib Koh","provId":"33","geoId":"3107","provName":"Farah","421province":"Farah","alternateNames":"Shibkoh, Shib Koh, Shayb Koh.","district":"Shibkoh","Code":"3305"},{"id":"3309","name":"Lash-e-Juwayn","provId":"33","geoId":"3108","provName":"Farah","421province":"Farah","alternateNames":"Lash-i-Juwayn, Lash-e-Juwayn, Lash wa Juwayn.","district":"Lash-i-Juwayn","Code":"3309"},{"id":"3310","name":"Gulestan","provId":"33","geoId":"3109","provName":"Farah","421province":"Farah","alternateNames":"Gulistan, Gulestan.","district":"Gulistan","Code":"3310"},{"id":"3311","name":"Pur Chaman","provId":"33","geoId":"3110","provName":"Farah","421province":"Farah","alternateNames":"Pur Chaman, Purchaman, Parchaman.","district":"Pur Chaman","Code":"3311"},{"id":"3307","name":"Anar Dara","provId":"33","geoId":"3111","provName":"Farah","421province":"Baghlan","alternateNames":"Andarab, Bano Andarab.","district":"Andarab","Code":"0907"},{"id":"3001","name":"Lashkar Gah","provId":"30","geoId":"3201","provName":"Hilmand","421province":"Helmand","alternateNames":"Lashkargah, Lashkar Gah.","district":"Lashkargah","Code":"3001"},{"id":"3004","name":"Nahr-e-Saraj","provId":"30","geoId":"3202","provName":"Hilmand","421province":"Helmand","alternateNames":"Nahr-i-Saraj, Gerishk, Greshk.","district":"Nahr-i-Saraj","Code":"3004"},{"id":"3002","name":"Nad-e-Ali","provId":"30","geoId":"3203","provName":"Hilmand","421province":"Helmand","alternateNames":"Nad Ali, Nad-e-Ali, Nad 'Ali, Nadali. (Marja is part of Nad Ali in the 399 district set.)","district":"Nad Ali","Code":"3002"},{"id":"3003","name":"Nawa-e-Barak Zaiy","provId":"30","geoId":"3204","provName":"Hilmand"},{"id":"3008","name":"Sangin","provId":"30","geoId":"3205","provName":"Hilmand","421province":"Helmand","alternateNames":"Sangin.","district":"Sangin","Code":"3008"},{"id":"3009","name":"Musa Qaleh","provId":"30","geoId":"3206","provName":"Hilmand","421province":"Helmand","alternateNames":"Musa Qala, Musaqalah.","district":"Musa Qala","Code":"3009"},{"id":"3007","name":"Naw Zad","provId":"30","geoId":"3207","provName":"Hilmand","421province":"Helmand","alternateNames":"Nawzad, Now Zad.","district":"Nawzad","Code":"3007"},{"id":"3005","name":"Wa Sher","provId":"30","geoId":"3208","provName":"Hilmand","421province":"Helmand","alternateNames":"Washer, Washir.","district":"Washer","Code":"3005"},{"id":"3006","name":"Garm Ser","provId":"30","geoId":"3209","provName":"Hilmand","421province":"Helmand","alternateNames":"Garm Ser, Darwishan, Garmser.","district":"Garm Ser","Code":"3006"},{"id":"3010","name":"Kajaki","provId":"30","geoId":"3210","provName":"Hilmand","421province":"Helmand","alternateNames":"Kajaki.","district":"Kajaki","Code":"3010"},{"id":"0","name":"Baghran","provId":"","geoId":"3211","421province":"Ghazni","alternateNames":"Qara Bagh, Qarabagh, Qarah Bagh.  (There is also a Qara Bagh district of Kabul.)","district":"Qara Bagh","Code":"1111"},{"id":"3011","name":"Reg(khan Neshin)","provId":"30","geoId":"3212","provName":"Hilmand","421province":"Kandahar","alternateNames":"Reg, Registan.  (There is also a Reg-e Khan Neshin, in Kandahar, and a Ragistan in Badakhshan.)","district":"Reg","Code":"2716"},{"id":"0","name":"Deh shu","provId":"","geoId":"3213"},{"id":"2701","name":"Kandahar","provId":"27","geoId":"3301","provName":"Kandahar","421province":"Baghlan","alternateNames":"Andarab, Bano Andarab.","district":"Andarab","Code":"0907"},{"id":"2702","name":"Arghandab","provId":"27","geoId":"3302","provName":"Kandahar","421province":"Baghlan","alternateNames":"Andarab, Bano Andarab.","district":"Andarab","Code":"0907"},{"id":"2705","name":"Zheray","provId":"27","geoId":"3303","provName":"Kandahar","421province":"Herat","alternateNames":"Herat.","district":"Herat","Code":"3201"},{"id":"2704","name":"Panj wayi","provId":"27","geoId":"3304","provName":"Kandahar","421province":"Kandahar","alternateNames":"Panjwayee, Panjwayi, Panjwa'i, Panjwai.","district":"Panjwayee","Code":"2704"},{"id":"2703","name":"Daman","provId":"27","geoId":"3305","provName":"Kandahar","421province":"Kandahar","alternateNames":"Daman.","district":"Daman","Code":"2703"},{"id":"2706","name":"Shah Wali Kot","provId":"27","geoId":"3306","provName":"Kandahar","421province":"Kandahar","alternateNames":"Shah Wali Kot, Shahwalikot, Shah Walikot..","district":"Shah Wali Kot","Code":"2706"},{"id":"2707","name":"Khakrez","provId":"27","geoId":"3307","provName":"Kandahar","421province":"Kandahar","alternateNames":"Khakrez, Khakriz.","district":"Khakrez","Code":"2707"},{"id":"2710","name":"Maywand","provId":"27","geoId":"3308","provName":"Kandahar","421province":"Kandahar","alternateNames":"Maiwand, Maywand.","district":"Maiwand","Code":"2710"},{"id":"2716","name":"Reg","provId":"27","geoId":"3309","provName":"Kandahar","421province":"Kandahar","alternateNames":"Reg, Registan.  (There is also a Reg-e Khan Neshin, in Kandahar, and a Ragistan in Badakhshan.)","district":"Reg","Code":"2716"},{"id":"2714","name":"Shor Abak","provId":"27","geoId":"3310","provName":"Kandahar","421province":"Kandahar","alternateNames":"Ghorak.","district":"Ghorak","Code":"2709"},{"id":"2711","name":"Spin Boldak","provId":"27","geoId":"3311","provName":"Kandahar","421province":"Kandahar","alternateNames":"Spin Boldak, Spinboldak.  (Takhta Pul is part of Spin Boldak in the 399 an 407 sets.)","district":"Spin Boldak","Code":"2711"},{"id":"2708","name":"Arghistan","provId":"27","geoId":"3312","provName":"Kandahar","421province":"Badakhshan","alternateNames":"Kohistan, Kohestiani.  (There is also a Kohistan in Faryab, a Hissa-e-Awali Kohistan in Kapisa, a Hissa-e Duome Kohistan in Kapisa, and a Kohistanat in Saripul.)","district":"Kohistan","Code":"1708"},{"id":"2713","name":"Miyanshin","provId":"27","geoId":"3313","provName":"Kandahar","421province":"Kandahar","alternateNames":"Miyanishin, Miyanshin, Miyaneshin, Mya Nishin, Myan-e-Sheen.","district":"Miyanishin","Code":"2713"},{"id":"2712","name":"Nesh","provId":"27","geoId":"3314","provName":"Kandahar","421province":"Kandahar","alternateNames":"Nesh, Nish.","district":"Nesh","Code":"2712"},{"id":"2709","name":"Ghorak","provId":"27","geoId":"3315","provName":"Kandahar","421province":"Kandahar","alternateNames":"Ghorak.","district":"Ghorak","Code":"2709"},{"id":"2715","name":"Maruf","provId":"27","geoId":"3316","provName":"Kandahar","421province":"Kandahar","alternateNames":"Maruf, Ma'ruf, Maroof.","district":"Maruf","Code":"2715"},{"id":"3401","name":"Zaranj","provId":"34","geoId":"3401","provName":"Nimroz","421province":"Nimroz","alternateNames":"Zaranj.","district":"Zaranj","Code":"3401"},{"id":"3402","name":"Kang","provId":"34","geoId":"3402","provName":"Nimroz","421province":"Nimroz","alternateNames":"Kang, Qafak.","district":"Kang","Code":"3402"},{"id":"3404","name":"Chahar Burjak","provId":"34","geoId":"3403","provName":"Nimroz","421province":"Nimroz","alternateNames":"Char Burjak, Chahar Burjak, Charburjak.","district":"Char Burjak","Code":"3404"},{"id":"3403","name":"Chakhansur","provId":"34","geoId":"3404","provName":"Nimroz","421province":"Nimroz","alternateNames":"Chakhansur","district":"Asl-i-Chakhansur","Code":"3403"},{"id":"3405","name":"Khash Rod","provId":"34","geoId":"3405","provName":"Nimroz","421province":"Badakhshan","alternateNames":"Khash.","district":"Khash","Code":"1705"},{"id":"1312","name":"Laja Mangal","provId":"","geoId":"","421province":"Paktia","alternateNames":"Laja Mangel, Laja Mangal, Lazha Mangal.  (The Laja Mangel area is included in Laja Ahmad Khel in the 399 set.)","district":"Laja Mangel","Code":"1312"},{"id":"808","name":"Abshar","provId":"","geoId":"","421province":"Panjsher","alternateNames":"Abshar, Ab Shar.  (Abshar is part of Darah in the 399 set.)","district":"Abshar","Code":"0808"},{"id":"2718","name":"Takhta Pul","provId":"","geoId":"","421province":"Kandahar","alternateNames":"Takhta Pul, Shegah.  (Takhta Pul was part of Spin Boldak in the 399 an 407 sets.)","district":"Takhta Pul","Code":"2718"},{"id":"2717","name":"Dand","provId":"","geoId":"","421province":"Baghlan","alternateNames":"Andarab, Bano Andarab.","district":"Andarab","Code":"0907"},{"id":"2506","name":"Chenarto","provId":"","geoId":"","421province":"Urozgan","alternateNames":"Chinarto, Chenarto, Chinar Tu.  (Chinarto is part of Chora in the 399 district set)","district":"Chinarto","Code":"2507"},{"id":"1313","name":"Meerzaka","provId":"","geoId":"","421province":"Paktia","alternateNames":"Mirzaka, Mirzakah, Meer Zaka.  (Mirzaka is part of Sayyid Karam in the 399 set, and split off in the others.)","district":"Mirzaka","Code":"1313"},{"id":"3014","name":"Marja","provId":"","geoId":"","421province":"Helmand","alternateNames":"Marja.  (Marja is part of Nad Ali in the 399 district set.)","district":"Marja","Code":"3014"},{"id":"3406","name":"Delaram","provId":"","geoId":"","421province":"Nimroz","alternateNames":"Dilaram, Delaram.  (Dilaram is part of Kashrod in the 399 district set.)","district":"Dilaram","Code":"3406"}]
