alternateNames,district,Code
"Arghanj Khwah, Arghanjkhwa.",Arghanj Khwah,1703
"Argo, Orgu.",Argo,1702
"Baharak, Bahorak.  (There is also a Baharak district in Takhar.)",Baharak,1706
"Darayim, Darayem, Darah Aim.",Darayim,1707
"Darwaz-e-Bala, Upper Darwaz, Mamai, Mam May.  (Several sources mistakenly reverse Mamai, the center of Darwaz-e-Bala, with Nesay, the center of Darwaz-e-Payin.)",Darwaz-e-Bala,1727
"Darwaz-e-Payin, Darwas-e Pa'in, Nesay, Nesai, Lower Darwaz.  (Several sources mistakenly reverse Mamai, the center of Darwaz-e-Bala, with Nesay, the center of Darwaz-e-Payin.)",Darwaz-e-Payin,1722
"Eshkashim, Ishkashem.  (Eshkashim is sometimes confused with Eshkamish district of Takhar.)",Eshkashim,1723
"Faiz Abad, Fayzabad.  (There is also a Faizabad district in Jowzjan.)",Faiz Abad,1701
"Jurm, Jorm, Juram.",Jurm,1710
Khash.,Khash,1705
Khwahan.,Khwahan,1720
"Kiran Wa Menjan, Kirn wa Manjan, Koran o Monjan.",Kiran Wa Menjan,1726
"Kishim, Keshem, Keshm.",Kishim,1715
"Kohistan, Kohestiani.  (There is also a Kohistan in Faryab, a Hissa-e-Awali Kohistan in Kapisa, a Hissa-e Duome Kohistan in Kapisa, and a Kohistanat in Saripul.)",Kohistan,1708
"Kufab, Kofab, Kuf Ab.",Kufab,1721
"Raghistan, Ragh.  (There is also a Registan in Kandahar.)",Raghistan,1714
"Shahri Buzurg, Shahr-e-Buzorg, Shahr-e Buzurg, Shar-e-Buzurg.",Shahri Buzurg,1713
Shighnan.,Shighnan,1719
"Shiki, Shaki, Shakai.",Shiki,1724
"Shuhada, Shohada.",Shuhada,1712
"Tagab, Tagau.",Tagab,1717
"Tashkan, Teshkan.",Tashkan,1711
Wakhan.,Wakhan,1728
"Wardooj, Warduj.",Wardooj,1716
"Yaftal-e-Sufla, Yaftal Payin, Yaftal-i-Paen, Lower Yaftal.",Yaftal-e-Sufla,1704
"Yamgan, Girwan, Yumgan,.",Yamgan,1718
Yawan.,Yawan,1709
"Zebak, Zibak.",Zebak,1725
"Ab Kamari, Ab-e Kamari, Abkamari.",Ab Kamari,3102
"Ghormach, Ghormuch.  (All of the district sets presented here list Ghormach in Badghis.  The IDLG, along with many news sources, report it as part of Faryab.) ",Ghormach,3107
"Jawand, Jwand.",Jawand,3106
"Muqur, Moqur, Moqor.  (There is also a Moqur district in Ghazni.)",Muqur,3103
"Murghab, Bala Murghab, Balamerghab.",Murghab,3105
Qadis.  (Some consider Dara-e Bom to be a district.  It is included in Qadis here.),Qadis,3104
"Qala-i-Now, Qala-e-Naw, Qal'ah-ye Now.",Qala-i-Now,3101
"Andarab, Bano Andarab.",Andarab,0907
"Baghlan-e-Jadeed, Baghlani Markazi, Baghlan Markazi.  (There was once a ""Baghlan"" district.  It is now part of what all of these sets report as Baghlan-e-Jadeed.)",Baghlan-e-Jadeed,0905
"Burka, Barka.",Burka,0910
"Dahana-e-Ghuri, Dahanah-ye Ghori, Dahana-e-Ghori, Dand-e Ghor.",Dahana-e-Ghuri,0902
"Deh Salah, Dehsalah, Deh-e Salah.",Deh Salah,0908
"Dushi, Doshi.",Dushi,0903
"Firing Wa Gharu, Fereng Wa Gharu, Farang wa Gharu, Farang.",Firing Wa Gharu,0915
"Gozargah-e-Noor, Guzargah-e- Nur.",Gozargah-e-Noor,0914
"Khinjan, Khenjan.",Khinjan,0906
"Khost Wa Firing, Khost Wa Fereng, Khost Ferent, Khost.  (Khost Wa Firing is not the same as Firing Wa Gharu of Baghlan.)",Khost Wa Firing,0913
"Khwaja Hejran, Jalga, Khwajahejran, Khwajah Higran.",Khwaja Hejran,0909
"Nahreen, Nahrin, Narine.",Nahreen,0904
"Pul-e-Hisar, Pul-i Hesar, Pul-e Hesar, Pule Hisar.",Pul-e-Hisar,0912
"Pul-i-Khumri, Pul-e-Khumri.",Pul-i-Khumri,0901
"Tala Wa Barfak, Talah wa Barfak, Tala Barfak.",Tala Wa Barfak,0911
Balkh.,Balkh,2106
"Char Bolak, Chahar Bulak, Charbulak.",Char Bolak,2111
"Char Kent, Charkent, Charkint, Chahar Kent, Char Kant.",Char Kent,2104
"Chimtal, Chemtal, Tchimtal.",Chimtal,2108
"Dawlat Abad, Dawlatabad, Dolatabad.  (There is also a Dawlatabad in Faryab, and a Dawlatshah in Laghman, and a Dawlatyar in Ghor.)",Dawlat Abad,2109
"Dehdadi, Dihdadi.",Dehdadi,2103
Kaldar.  (The 421 district set shows Sharak-e-Hairatan as part of Kaldar.),Kaldar,2113
"Khulm, Khulam, Tashqurghan, Tash Qurghan.",Khulm,2110
"Kishindeh, Keshendeh, Kishindih.",Kishindeh,2114
Marmul.,Marmul,2105
"Mazar-e-Sharif, Mazar-i-Sharif, Mazar.",Mazar-e-Sharif,2101
"Nahri Shahi, Nahr-e Shahi.",Nahri Shahi,2102
"Sharak-e-Hairatan, Sharak-i-Hayratan.  (The 421 district set shows Sharak-e-Hairatan as part of Kaldar.)",[not in 421 list],NA
"Sholgara, Sholgarah, Shulgara, Shulgar.",Sholgara,2107
"Shortepa, Shortepah, Shortipa.",Shortepa,2112
"Zari, Zaray.",Zari,2115
"Bamyan, Bamian.",Bamyan,1001
"Kahmard, Kohmard.",Kahmard,1004
Panjab.,Panjab,1006
"Saighan, Sayghan.",Saighan,1003
"Shebar, Shibar, Shaybar, Shaibar.",Shebar,1002
Waras.,Waras,1007
"Yakawlang, Yakawlang No. 1, Yakawlang Hesa-i Awal, Yakawland Hise Awal.  (The 399 and 407 sets show Yakawlang No. 2 as part of Yakawlang.)",Yakawlang,1005
"Yakawlang No. 2, Yakawlang Hesa-i-Doyem.  (The 399 and 407 sets show Yakawlang No. 2 as part of Yakawlang.)",Yakawlang No. 2,1008
"Giti, Kiti, Gayti.",Giti,2405
"Ishterlai, Ashtarlay, Ishterli.",Ishterlai,2403
"Kejran, Kajran, Kajaran.",Kejran,2408
"Khedir, Khadir.",Khedir,2404
"Miramor, Mir Amor.",Miramor,2406
"Nili, Layli.",Nili,2401
"Patoo, Pato, Patu.  (Patoo is part of Gizab district in the 399 and 407 sets, but separate in the 419 and 421 sets. Patoo is in Daikundi province in the 401 and 421 district sets.  The original Gizab (including Pato) is in Daikundi in the 399 and 407 sets.  Rump Gizab is in Urugzan province in the 419 and 421 sets.)",Patoo,2409
"Sang-e-Takht, Sangi Takht, Sang-e-Takht Bandar, Bandar.",Sang-e-Takht,2407
"Shahristan, Shahrestan.",Shahristan,2402
"Anar Dara, Anardara.",Anar Dara,3307
Bakwa.,Bakwa,3308
"Bala Buluk, Bala Boluk, Balabuluk.",Bala Buluk,3306
Farah.,Farah,3301
"Gulistan, Gulestan.",Gulistan,3310
"Khak-i-Safed, Khak-e-Safed, Khak-i-Safid.",Khak-i-Safed,3303
"Lash-i-Juwayn, Lash-e-Juwayn, Lash wa Juwayn.",Lash-i-Juwayn,3309
"Pur Chaman, Purchaman, Parchaman.",Pur Chaman,3311
"Pushtrud, Pushtrod, Pusht-e Rod, Pusht Road, Poshtrud.",Pushtrud,3302
"Qala-i-Kah, Qala-e-Kah, Qalah-e Kah Qul'ah-ye Kah, Pusht Koh.",Qala-i-Kah,3304
"Shibkoh, Shib Koh, Shayb Koh.",Shibkoh,3305
Almar.,Almar,2904
"Andkhoy, Andkhoi.",Andkhoy,2913
"Bilchiragh, Bilcheragh, Bal Chiragh, Belcheragh.",Bilchiragh,2905
"Dawlat Abad, Dawlatabad, Dowlatabad..  (There is also a Dawlatabad in Balkh, and a Dawlatshah district in Laghman, and a Dawlatyar district in Ghor.)",Dawlat Abad,2909
"Gurziwan, Garziwan, Gorzivan.",Gurziwan,2908
"Khani Charbagh, Khan-e-Char Bagh. Khan-e Chahr Bagh, Khan Chahr Bagh.",Khani Charbagh,2914
"Khwaja Sabz Posh, Khwajasabzposh.",Khwaja Sabz Posh,2903
"Kohistan, Lowlash,.  (There is also a Kohistanat in Saripul, and two Kohistans in Badakhshan and Kapisa.)",Kohistan,2910
"Maimana, Maymana, Maimanah.",Maimana,2901
"Pashtun Kot, Pashtunkot.",Pashtun Kot,2902
"Qaisar, Qaysar.",Qaisar,2907
"Qaram Qul, Qaramqol.",Qaram Qul,2911
"Qurghan, Qorghan.",Qurghan,2912
"Shirin Tagab, Shirintagab, Sherin Tagab, Sherin Tagau.  (There is also a Tagab in Kapisa and in Badakhshan.)",Shirin Tagab,2906
"Ab Band, Abband, Auband.",Ab Band,1113
"Ajristan, Daya, Ajrestan,.",Ajristan,1118
"Andar, Shilgar, Shelgar,.",Andar,1107
"Deh Yak, Dehyak, Dih Yak.",Deh Yak,1105
"Gelan, Gilan, Janda (the distict center).",Gelan,1117
Ghazni.,Ghazni,1101
Giro.,Giro,1112
"Jaghatu, Jaghato, Jighatu, Bahrami Shahid, Bahram-e Shahid, Waeez Shahid, Wais Shahid.  (There is also a Jaghatu in Wardak province.)",Jaghatu,1106
"Jaghuri, Jaghori, Jaghouri.",Jaghuri,1114
"Khwaja Omari, Khwajah Omari, Khwajaumari, Khwaja Umari.",Khwaja Omari,1103
"Malistan, Malestan.",Malistan,1116
"Muqur, Moqor, Muqur, Moqur, Muqer.",Muqur,1115
"Nawa, Nawah.  (There is also a Nawa (aka Nawa-i-Barakzai) in Helmand, and a Nawur district in Ghazni.)",Nawa,1119
Nawur.,Nawur,1110
"Qara Bagh, Qarabagh, Qarah Bagh.  (There is also a Qara Bagh district of Kabul.)",Qara Bagh,1111
Rashidan.,Rashidan,1109
Waghaz.,Waghaz,1104
"Khugyani, Khogiani, Khoghiani, Wali Muhammad Shahid, Wali Muhammad-e-Shahid .  (There is also a Khugyani in Nangarhar.)",Khugyani,1102
"Zanakhan, Zana Khan.",Zanakhan,1108
"Char Sada, Chahar Sadah, Charsadda.",Char Sada,2304
"Chighcheran, Chaghcheran, Feroz Koh, Ferozkoh.  (Chighcheran includes parts of what some call ""Murghab"" district. There is also a Murghab district in Badghis.)",Chighcheran,2301
"Dawlatyar, Dolatyar, Dawlat Yar.  (There is also a Dawlatshar in Laghman, a Dawlat Abad in Faryab, and a Dawlatabad in Balkh.)",Dawlatyar,2303
"Duleena, DoLayna, Do Lainah, Dawlina.",Duleena,2302
"Lal Wa SarJangal, La'l wa SarJangal.",Lal Wa SarJangal,2307
Pasaband.,Pasaband,2305
"Saghar, Sagher.",Saghar,2310
Shahrak.,Shahrak,2306
"Taywara, Taywarah, Taiwara, Taywaraha.",Taywara,2308
"Tulak, Tolak.",Tulak,2309
"Baghran.  (Nawamish is part of Baghran in the 399, 401, and 407 district sets, but separately in the 421 set.)",Baghran,3012
"Dishu, Deh-e-shu, Disho.",Dishu,3013
"Garm Ser, Darwishan, Garmser.",Garm Ser,3006
Kajaki.,Kajaki,3010
"Lashkargah, Lashkar Gah.",Lashkargah,3001
Marja.  (Marja is part of Nad Ali in the 399 district set.),Marja,3014
"Musa Qala, Musaqalah.",Musa Qala,3009
"Nad Ali, Nad-e-Ali, Nad 'Ali, Nadali. (Marja is part of Nad Ali in the 399 district set.)",Nad Ali,3002
"Nahr-i-Saraj, Gerishk, Greshk.",Nahr-i-Saraj,3004
"Nawa-i-Barikzayi, Nawa-e-Barakzaiy, Nawah-ye-Barakzai, Nawa, Shamalan.  (There is also a Nawa district in Ghazni.)",Nawa-i-Barikzayi,3003
"Nawamish, Nawamesh, Nawa Mesh.  (Nawamish is part of Baghran in the 399 and 407 district sets.)",Nawamish,3015
"Nawzad, Now Zad.",Nawzad,3007
"Reg-e-Khan Nishin, Reg, Khan Neshin.  (There is also a Reg, or Registan, in Kandahar.)",Reg-e-Khan Nishin,3011
Sangin.,Sangin,3008
"Washer, Washir.",Washer,3005
Adraskan.,Adraskan,3209
"Chishti Sharif, Chisht-e-Sharif, Khwaja Chist.",Chishti Sharif,3216
"Enjil, Injil.",Enjil,3202
Farsi.,Farsi,3215
"Ghoryan, Ghorian.",Ghoryan,3211
"Gulran, Golran.",Gulran,3208
"Guzera, Nizam-i- Shahid, Gozara, Guzarah.",Guzera,3203
Herat.,Herat,3201
"Karrukh, Karukh.",Karrukh,3204
"Koh-i-Zor, Kozeor.  (Koh-i-Zor is part of Shindand in the 399 and 407 sets.)",Koh-i-Zor,3219
"Kohsan, Kehsan, Kashan.",Kohsan,3213
"Kushk, Rubat-i-Sangi, Rabat Sangi.",Kushk,3207
"Kushk-i-Kuhna, Kushk-e-Kohna, Kashak Kohna, Koshk-e Kohna.",Kushk-i-Kuhna,3210
"Obe, Oba, Obeh.",Obe,3212
"Pashtun Zarghun, Pashtoon Zarghoon, Pashtunzarghun.",Pashtun Zarghun,3206
"Pusht-i-Koh, Pusht-e-Koh, Pusht Koh, Poshtko.  (Pusht-e Koh is part of Shindand in the 399 and 407 sets.)",Pusht-i-Koh,3218
"Shindand, Sabzwar. Shindand, Esfezar (Shindand's five buluk subdivisions were split into five districts in the 419 and 421 set.  One of them still named Shindand.)",Shindand,3214
"Zawol, Zewal.  (Zawol is part of Shindand in the 399 and 407 sets.)",Zawol,3220
"Zendahjan, Zindajan, Zinda Jan.",Zendahjan,3205
"Zer-i-Koh, Zerko.  (Zer-i Koh is part of Shindand in the 39 and 407 sets.)",Zer-i-Koh,3217
"Aqchah, Aqcha.",Aqchah,2807
Darzab.,Darzab,2811
"Faizabad, Fayzabad, Faiz Abad.  (There is also a Faiz Abad district in Badakhshan.)",Faizabad,2808
"Khamyab, Khamab, Kham Aab, Khamaab.",Khamyab,2806
"Khanaqa, Khaniqa.",Khanaqa,2803
"Khwajadukoh, Khwaja Dukoh, Khwajah Do Koh, Kohja Dukoh.",Khwaja Dukoh,2802
"Mardyan, Mardian, Murdian.",Mardyan,2809
"Mingajik, Mangajek.",Mingajik,2804
"Qarqin, Qarqeen.",Qarqin,2810
"Qush Tepa, Qushtepa, Qushtipa.",Qush Tepa,2805
"Sheberghan, Shiberghan, Shibirghan.",Sheberghan,2801
"Bagrami.  (There is also a Bagram in Parwan. The airfield is in Baghram of Parwan, not Baghrami.)",Bagrami,0104
"Chahar Asyab, Chaharasyab, Char Asyab, Char Asiab.",Chahar Asyab,0103
"DehSabz, Deh-e Sabz, Deh Sabz, Dih Sabz.",DehSabz,0105
"Estalef, Estalif, Istalif, Istalef.",Estalef,0113
"Farza, Farzah.",Farza,0112
"Guldara, Gul Dara, Gul Darah, Guldra.",Guldara,0111
"Kabul.  (Char Dehi, a separate district in 325 district set, was absorbed into the Kabul district in the 1990's.)",Kabul,0101
Kalakan.,Kalakan,0110
"Khak-e-Jabar, Khak-i-Jabar, Khak Jabar, Khaki Jabbar.",Khak-e-Jabar,0109
"Mir Bacha Kot, Mirbachakot.",Mir Bacha Kot,0108
"Musahi, Musayi, Musahi, Mussahi.",Musahi,0107
Paghman.,Paghman,0102
"Qara Bagh, Qarahbagh, Qarabagh.  (There is also a Qara Bagh district in Ghazni.)",Qara Bagh,0114
"Shakar Dara, Shakardara.",Shakar Dara,0106
"Surubi, Sarobi, Sorubi, Sarubi, Surobi.  (There is also a Surubi in Paktika.)",Surubi,0115
Arghandab.  (There is also an Argandab in Zabul.),Arghandab,2702
"Arghistan, Argestan.",Arghistan,2708
Daman.,Daman,2703
Dand.  (Dand is part of the Kandahar capital district in the 399 set. There is also a Dand Patan district in Paktia.),Dand,2717
Ghorak.,Ghorak,2709
"Kandahar, Qandahar.  (Dand is part of the Kandahar capital district in the 399 set.)",Kandahar,2701
"Khakrez, Khakriz.",Khakrez,2707
"Maiwand, Maywand.",Maiwand,2710
"Maruf, Ma'ruf, Maroof.",Maruf,2715
"Miyanishin, Miyanshin, Miyaneshin, Mya Nishin, Myan-e-Sheen.",Miyanishin,2713
"Nesh, Nish.",Nesh,2712
"Panjwayee, Panjwayi, Panjwa'i, Panjwai.",Panjwayee,2704
"Reg, Registan.  (There is also a Reg-e Khan Neshin, in Kandahar, and a Ragistan in Badakhshan.)",Reg,2716
"Shah Wali Kot, Shahwalikot, Shah Walikot..",Shah Wali Kot,2706
"Shorabak.  (There is also a military base named Shorabak, formerly Camp Bastion, in Washir, Helmand.)",Shorabak,2714
"Spin Boldak, Spinboldak.  (Takhta Pul is part of Spin Boldak in the 399 an 407 sets.)",Spin Boldak,2711
"Takhta Pul, Shegah.  (Takhta Pul was part of Spin Boldak in the 399 an 407 sets.)",Takhta Pul,2718
"Zhire, Zheray, Zhari, Zari, Zherai.",Zhire,2705
"Alasai, Ala Say, Alasay.",Alasai,0207
"Hissa-e-Awali Kohistan, Hisah-e Awal-e Kohistan, Kohistan Awal, Kohistani Awal.  (There is also a Hissa-e-Duwumi Kohistan in Kapisa, a Kohistan in Badakhshan, another Kohistan in Faryab, and Kohistanat in Saripul.)",Hissa-e-Awali Kohistan,0204
"Hissa-e-Duwumi Kohistan, Hisah-e Dowum-e Kohistan, Kohistan-I-Duwum.  (There is also a Hissa-e-Awali Kohistan in Kapisa, a Kohistan in Badakhshan, another Kohistan in Faryab, and a Kohistanat in Saripul.)",Hissa-e-Duwumi Kohistan,0202
"Koh Band, Kohband.",Koh Band,0203
"Mahmood Raqi, Mahmudi Raqi, Mahmud-e-Raqi.",Mahmood Raqi,0201
"Nijrab, Nejrab.",Nijrab,0205
Tagab.,Tagab,0206
"Baak, Bak.",Baak,1409
Gurbuz.,Gurbuz,1403
"Jaji Maidan, Jajimaydan, Jaji, Zazi Maidan, Zazi, Zazai.",Jaji Maidan,1413
"Khost, Matun.",Khost,1401
"Manduzay, Esmayel Khil, Mandozayi, Manduzai, Ismail Khel, Mando Zayi.",Manduzay,1402
"Musa Khel, Musakhel, Musakhil.",Musa Khel,1405
"Nadir Shah Kot, Nadirshahkot.",Nadir Shah Kot,1406
Qalandar.,Qalandar,1410
"Sabari, Sabaro, Yaqubi.",Sabari,1407
"Shamul, Shamal.",Shamul,1412
"Spera, Sperah.",Spera,1411
"Tanay, Tani.",Tanay,1404
"Tirzayee, Terezayi, Tere Zayi, Ali Sher, Alisher.",Tirzayee,1408
"Asad Abad, Asadabad.",Asad Abad,1501
"Bar Kunar, Bar Konar, Barkunar, Asmar.",Bar Kunar,1508
"Chapa Dara, Chapah Darah, Chapadara.",Chapa Dara,1513
Dangam.,Dangam,1512
"Dara-e-Pech, Dara-I-Pech, Darah-ye Pech, Pech Dara, Mano Gai, Manogai, Manogay.",Dara-e-Pech,1507
"Ghazi Abad, Ghaziabad.",Ghazi Abad,1511
"Khas Kunar, Khaskunar, Khas.",Khas Kunar,1510
"Marawara, Marwara.",Marawara,1502
"Narang Wa Badil, Narang.",Narang Wa Badil,1504
"Nari, Naray.",Nari,1515
"Noorgal, Nurgal.",Noorgal,1514
"Sar Kani, Sarkani, Sarkano.",Sar Kani,1505
"Sawkai, Sowkay, Chawkai, Chowkay, Chawkey, Tsokey, Sewki.",Sawkai,1509
"Sheltan, Soltan.  (The Shigal and the Sheltan areas are combined as ""Shigal wa Sheltan"" in the 399 and 407 sets, but are separate districts in the 419 and 421 sets.)",Sheltan,1516
"Shigal, Shigal wa Sheltan. (The Shigal and the Sheltan areas are combined as ""Shigal wa Sheltan"" in the 399 and 407 sets, but are separate districts in the 419 and 421 sets.)",Shigal,1506
"Watapoor, Watahpur, Watapur.",Watapoor,1503
"Ali Abad, Aliabad.",Ali Abad,1903
Aqtash.  (Aqtash is part of Khan Abad in the 399 and 407 sets.),Aqtash,1910
"Calbad, Galbad, Kalbad, Qulbad.  (Calbad is part of Dasht-e-Archi in the 399 and 407 sets.)",Calbad,1908
"Chahar Darah, Chardarah, Chardara.",Chahar Darah,1902
"Dasht-e-Archi, Dasht-i-Archi.  (Calbad is part of Dasht-e-Archi in the 399 and 407 sets.)",Dasht-e-Archi,1906
"Gurtipa, Gortepa, Gultepa (incorrect)..  (Gurtepa is part of the Kunduz capital district in the 399 and 407 sets.)",Gurtipa,1909
"Imam Sahib, Hazrati Imam Sahib, Emamsaheb, Emam Sahib.",Imam Sahib,1905
"Khan Abad, Khanabad.  (Aqtash district is part of Khan Abad in the 399 and 407 sets.)",Khan Abad,1904
"Kunduz, Konduz.  (Gurtepa is part of the Kunduz capital district in the 399 and 407 sets.)",Kunduz,1901
"Qala-e-Zal, Qala-i-Zal, Qal'ah-ye Zal.",Qala-e-Zal,1907
"Alingar, Ali Negar, Alinegar.",Alingar,0704
"Alishing, Alisheng.",Alishing,0703
"Bad Pash, Badpash, Bad Pakh, Badpakh, Bad Pakh Shaitan.  (Bak Pash is part of Mehterlam in the 399 set.)",Bad Pash,0706
"Dawlat Shah, Dawlatshah.  (There is also a Dawlatyar in Ghor, a Dawlatabad in Balkh, and another Dawlat Abad in Faryab.)",Dawlat Shah,0705
"Mehterlam, Mehtarlam, Mehtar Lam, Meterlam (incorrect).  (Bak Pash is part of Mehterlam in the 399 set.)",Mehterlam,0701
"Qarghayee, Ghani Khel, Qarghayi, Qarghah'i, Ghanikhel, Ghanikhil.  (There is also a Ghani Khel (aka Shinwar) district in Nangarhar.)",Qarghayee,0702
Azra.,Azra,0507
"Baraki Barak, Barakibarak, Barak-e-Barak.",Baraki Barak,0502
"Charkh, Tchark.",Charkh,0503
Kharwar.,Kharwar,0506
"Khushi, Khoshi.",Khushi,0504
"Mohammad Agha, Mohammadagha.",Mohammad Agha,0505
"Puli Alam, Pul-e-Alam, Pul-i-Alam.",Puli Alam,0501
"Achin, Achen, Acheen, Achine.  (Spingar is part of Achin in the 399 and 407 sets.)",Achin,0615
"Bati Kot, Batikot.",Bati Kot,0609
"Behsud, Bihsud, Behsod.  (There is a Markaz-e-Behsud district, and a Hise-e-Awal-e-Behsud district, both in Wardak.",Behsud,0602
Chaparhar.,Chaparhar,0604
"Darah-e-Noor, Dara-e-Nur, Darah-ye-Nur, Dara Nur.",Darah-e-Noor,0612
"Deh Bala, Dehbala, Haska Mina, Haska Mena.",Deh Bala,0610
"Dur Baba, Durbaba.",Dur Baba,0622
Goshta.,Goshta,0614
"Hesarak, Hisarak, Hesarak Ghaljai.",Hesarak,0621
"Jalalabad, Djalalabad.",Jalalabad,0601
"Kama, Kamah.",Kama,0605
"Khugyani, Khogyani, Khogiani.",Khugyani,0608
Kot.,Kot,0613
"Kuzkunar, Kuz Kunar, Khewa.",Kuzkunar,0606
"Lalpoor, Lalpur, La'lpur, Lalpor, Lal Pur.",Lalpoor,0618
"Muhmand Dara, Mohmand Darah, Muhmand Dara, Mohmandara, Muhmanddara. (There is also Mohmand Dara valley in Achin.)",Muhmand Dara,0617
"Nazyan, Nazian, Naziyan.",Nazyan,0620
"Pachir Wa Agam, Pachiragam.",Pachir Wa Agam,0611
Rodat.,Rodat,0607
"Sher Zad, Sherzad, Shir Zad, Shirzad.",Sher Zad,0619
"Shinwar, Ghanikhel, Ghani Kahil.  (There is also a Ghani Khel (aka  Qarghayee) district in Laghman.)",Shinwar,0616
"Spingar, Spinghar, Spin Gar, Spin Ghar.  (Spingar district is part of Achin in the 399, 401 and 407 districts, but separate in the 421 set.)",Spinghar,0623
"Surkh Rud, Surkhrud, Surkh Rod, Surkhrod, Sorkh Roud.",Surkh Rud,0603
Chakhansur,Asl-i-Chakhansur,3403
"Char Burjak, Chahar Burjak, Charburjak.",Char Burjak,3404
"Dilaram, Delaram.  (Dilaram is part of Kashrod in the 399 district set.)",Dilaram,3406
"Kang, Qafak.",Kang,3402
"Khashrod, Khash Rod, Khash Rud, Khashrud.  (Dilaram is part of Kashrod in the 399 set.)",Khashrod,3405
Zaranj.,Zaranj,3401
"Bargi Matal, Barg-i-Matal, Barg-e-Matal, Barg-e-Mataal, Bargromatal.",Bargi Matal,1608
"Duab, Do Ab, Du’ab.",Duab,1605
"Kamdesh, Kamdish.",Kamdesh,1606
Mandol.,Mandol,1607
"Noor Gram, Noorgram, Nurgeram, Norgram, Nurgram, Nangarage.",Noor Gram,1604
"Paroon, Paron, Poruns, Parun, Parune, Prasun.",Paroon,1601
Wama.,Wama,1603
"Waygal, Want Wagal, Wegal, Want Wegal.",Waygal,1602
"Shwak, Shawak, Showak.",Shwak,1304
"Ahmadabad, Ahmad Abad, Ahmadaba.",Ahmadabad,1302
"Dand Patan, Dand wa Patan, Dand-e Patan.  (There is also a Dand district in Kandahar.)",Dand Patan,1311
"Garda Siray.  (Garda Siray is part of Waze Zadran in the 399, 407, and 419 district sets.)",Garda Siray,1314
Gardez.,Gardez,1301
"Jaji, Jaji Maidan, Zazi, Zazi Aryob, Alikhel, Ali Khel, Aryoub Zazai.",Jaji,1307
"Jani Khel, Janikhel.  (There is also a Jani Khel in Paktika.)",Jani Khel,1309
"Laja Ahmad Khel, Ahmadkhel, Ahmad Khel.  (The Laja Mangel area is included in Laja Ahmad Khel in the 399 set.)",Laja Ahmad Khel,1308
"Laja Mangel, Laja Mangal, Lazha Mangal.  (The Laja Mangel area is included in Laja Ahmad Khel in the 399 set.)",Laja Mangel,1312
"Mirzaka, Mirzakah, Meer Zaka.  (Mirzaka is part of Sayyid Karam in the 399 set, and split off in the others.)",Mirzaka,1313
"Rohany Baba, Rohani Baba.  (Rohany Baba is part of Zurmat in the 399, 407 and 419 sets.)",Rohany Baba,1315
"Samkani, Chamkani, Chamkani, Tchamkani, Tsamkani, Samkani, Samkanai.",Samkani,1310
"There is also a Sayyad district in Sar-e-Pul, a Sayyid Khel in Parwan, and a Sayyid Abad district in Wardak.  (Mirzaka is part of Sayyid Karam in the 399 set, and split off in the others.)",Sayyid Karam,1306
"Wuza Zadran, Zadran, Dzadran,.  (Garda Siray is part of Waze Zadran in the 399, 407 and 419 sets.)",Wuza Zadran,1305
"Zurmat, Zormat.  (Rohany Baba is part of Zurmat in the 399, 407 and 419 sets.)",Zurmat,1303
"Barmal, Bermel, Barmel, Bermal.",Barmal,1214
"Dila Wa Khushamand, Dila, Dilah, Khushamand.",Dila Wa Khushamand,1216
"Giyan, Gayan, Gyan.",Giyan,1215
"Gomal, Gumal.  (Chaharbaran is part of Gomal in these district sets, but is often refered to as a district.)",Gomal,1208
"Jani Khel, Janikhel.  (There is also a Jani Khel in Paktia.)",Jani Khel,1209
"Mata Khan, Matakhan, Mota Khan.",Mata Khan,1202
"Nika, Neka, Naka.",Nika,1213
"Omna, Omnah.",Omna,1206
"Sar Rawza, Sar Hawza, Sarrawzah, Sarhawzah, Sar Hawzeh.",Sar Rawza,1205
"Sharan, Sharana.",Sharan,1201
"Surubi, Sarobi, Sorubi, Sarubi, Surobi.  (There is also a Sorubi district in Kabul province.)",Surubi,1210
"Turwo, Tarwe, Terwa, Turwa.",Turwo,1219
"Urgoon, Urgun.",Urgoon,1211
"Wazakhwah, Waza Khwa, Wazah Khwah, Wazi Khwa.",Wazakhwah,1217
"Wormamay, Wur Mamay, Wormamai, Wormami, Wor Mamay.",Wormamay,1218
"Yahya Khel, Yahyakhel, Yahya Khail.",Yahya Khel,1204
"Yosuf Khel, Yosufkhel.",Yosuf Khel,1203
"Zarghun Shahr, Khair Kot, Katawaz, Zarghunshahr.",Zarghun Shahr,1207
"Ziruk, Zeruk, Zerok, Zirok.",Ziruk,1212
"Abshar, Ab Shar.  (Abshar is part of Darah in the 399 set.)",Abshar,0808
Bazarak.,Bazarak,0801
"Darah, Dara.  (Abshar is part of Darah in the 399 set.)",Darah,0803
"Khinj, Khanj, Hissa-e-Awal Panjsher.",Khinj,0804
"Paryan, Parian.",Paryan,0807
"Rukha, Rokha.",Rukha,0802
Shutul.,Shutul,0806
"Unaba, Anawa, Anaba, Hisa-e-Char Panjshir.",Unaba,0805
Bagram.,Bagram,0302
Charikar.,Charikar,0301
"Jabulussaraj, Jabal Saraj, Jablas Saraj, Jabal us Saraj.",Jabulussaraj,0305
"Koh-e-Safi, Koh Safi.",Koh-e-Safi,0308
Salang.,Salang,0306
"Sayyid Khel, Saydkhel. There is also a Sayyad district in Sar-e-Pul, a Sayyid Karam in Paktia, and a Sayyid Abad district in Wardak.",Sayyid Khel,0304
"Shaykh Ali, Sheikh Ali, Shekhali, Shaykh 'Ali.",Shaykh Ali,0310
Shinwari.  (There is also a Shinwar district in Nangarhar.),Shinwari,0303
"Sia Gird, Siagird, Ghorband.",Sia Gird,0307
"Surkh Parsa, Surkhi Parsa, Surkh-e-Parsa, Surkhe Parsa, Surkh-o Parsa, Lolinge, Lowlenge.",Surkhi Parsa,0309
"Aybak, Aibak.",Aybak,2001
"Dara-e-Soof-e-Bala, Darah-ye-Suf-e Bala, Darah-e-Souf-e Bala, Dara-i-Sauf Bala.",Dara-e-Soof-e-Bala,2007
"Dara-e-Soof-i-Payin, Darah-ye-Suf-e Pa'in, Dara-e-Sof-e-Payin, Dara-e-Souf-e-Payan, Dara-i-Sauf Paeen.",Dara-e-Soof-i-Payin,2006
"Feroz Nakhcheer, Feroznakhchir, Feroz Nakhchir.",Feroz Nakhcheer,2004
"Hazrat-e-Sultan, Hazrat Sultan.",Hazrat-e-Sultan,2002
"Khuram Wa Sarbagh,Khuram wa Sar Bagh, Khuram Sarbagh.",Khuram Wa Sarbagh,2003
"Rui-Do-Ab, Ruy-e-Duab, Ruy Do Ab, Rui Doab, Doab.",Rui-Do-Ab,2005
Balkhab.,Balkhab,2207
Gosfandi.,Gosfandi,2206
"Kohistanat.  (There are Kohistan districts in both Badakhshan and Faryab. There is a Hissa-e-Awali Kohistan, and a Hissa-e Duome Kohistan, both in Kapisa.)",Kohistanat,2203
"Sancharak, Sangcharak.",Sancharak,2205
"Sar-e-Pul, Saripul, Saripol, Sar-i-Pol.",Sar-e-Pul,2201
"Sayyad, Sayad.  (There is also a Sayyid Khel district in Parwan, a Sayyid Karam in Paktika, and a Sayyid Abad district in Wardak.)",Sayyad,2202
"Sozma Qala, Sozmaqala, Sozmah Qal'ah.",Sozma Qala,2204
Baharak.  (There is also a Baharak in Badakhshan.),Baharak,1803
"Bangi, Bangi Qala.",Bangi,1804
"Chahab, Chah Ab, Cha-e-Ab, Chahi Ab.",Chahab,1816
Chal.,Chal,1805
Darqad.,Darqad,1815
"Dashti Qala, Dasht-i-Qala, Dasht-e-Qala,, Dasht-e Qal'ah.",Dashti Qala,1812
"Eshkamesh, Ishkamish.  (There is also an Eshkashim district in Badakhshan.)",Eshkamesh,1811
Farkhar.,Farkhar,1808
"Hazar Sumuch, Hazarsumuch, Hazar Sumoch.",Hazar Sumuch,1802
Kalafgan.,Kalafgan,1807
"Khwaja Bahawuddin, Khwajabahauddin, Khwaja Bahauddin.",Khwaja Bahawuddin,1814
"Khwaja Ghar, Khwajaghar, Khoja Ghor.",Khwaja Ghar,1809
"Namak Ab, Namakab.",Namak Ab,1806
"Rustaq, Rostak.",Rustaq,1810
"Taluqan, Taloqan.",Taluqan,1801
Warsaj.,Warsaj,1813
"Yangi Qala, Yangi Qal'ah.",Yangi Qala,1817
"Chinarto, Chenarto, Chinar Tu.  (Chinarto is part of Chora in the 399 district set)",Chinarto,2507
"Chora, Chorah.  (Chinarto is part of Chora in the 399 district set)",Chora,2503
"Dehraoud, Dehrawud, Deh Rawud, Deh Rawod, Deh Rawood.",Dehraoud,2502
"Gizab, Gezab.  (Patoo is part of Gizab district, and it is part of Daikundi in the 399 and 407 sets.  Gizab (minus Patoo) is part of Urugzan province in the 419 and 421 sets.)",Gizab,2506
"Khas Urozgan, Khasuruzgan, Khas Oruzgan.",Khas Urozgan,2505
"Shahidi Hassas, Shaidi Assas, Charchino, Char China.  (Sia Sang is included in Shahidi Hassas in all district sets, but some consider it to be a district.)",Shahidi Hassas,2504
"Tirinkot, Tirin Kot, Tarinkot, Tarin Kot.",Tirinkot,2501
"Chak-e-Wardak, Chak-i-Wardad, Chak.",Chak-e-Wardak,0404
"Daimirdad, Daymirdad, Day Mirdad.",Daimirdad,0406
"Hissa-e-Awal-e-Behsud, Hesa-e Awal-e Behsud, Hisa-i-Awal-i Bihsud.  (There is also a Markazi Behsud district in Wardak, and a Behsud district in Nangarhar.)",Hissa-e-Awal-e-Behsud,0407
"Jaghatu, Jaghato.  (There is also a Jaghatu district in Ghazni.)",Jaghatu,0408
"Jalrez, Jalrayz.",Jalrez,0403
"Maidan Shahr, Maydan Shahr, Maydanshahr.",Maidan Shahr,0401
"Markaz-e-Behsud, Markaz-i-Bihsud.  (There is also a Hisa-e-Awal-e-Behsud district in Wardak, and a Behsud district in Nangarhar.) ",Markaz-e-Behsud,0409
Nerkh,Nerkh,0402
"Sayyid Abad, Saydabad, Sayyidabad, Sayedabad.  (There is also a Sayyad district in Sar-e-Pul, a Sayyid Karam in Paktia, and a Sayyid Khel in Parwan.)",Sayyid Abad,0405
Arghandab.  (There is also an Arghandab in Kandahar.),Arghandab,2605
Atghar.,Atghar,2608
"Daichopan, Daychopan, Day Chopan.",Daichopan,2607
"Kakar, Khak-e-Afghan.",Kakar,2611
Mizan.,Mizan,2604
"Naw Bahar, Nawbahar.",Naw Bahar,2609
Qalat.,Qalat,2601
"Shah Joi, Shahjoy, Shajoy, Shahjoi.",Shah Joi,2606
"Shemel Zayi, Shamalzai, Shomulzay, Shamulzai.",Shemel Zayi,2610
"Shinkai, Shinkay.  (There is also a Shinkai area in Kapisa.  The Surri (or Seuri, Sewray) area is included in Shinkai in all of these district sets.)",Shinkai,2603
"Tarnak wa Jaldak, Jeldak, Jaldak, Shahr-e-Safa, Shar-e-Safa.",Tarnak wa Jaldak,2602