[{"id":"101","name":"Kabul","provId":"1","geoId":"","provName":"Kabul","alternateNames":"Kabul.  (Char Dehi, a separate district in 325 district set, was absorbed into the Kabul district in the 1990's.)","district":"Kabul","Code":"0101"},{"id":"102","name":"Dih Sabz","provId":"1","geoId":"","provName":"Kabul","alternateNames":"DehSabz, Deh-e Sabz, Deh Sabz, Dih Sabz.","district":"DehSabz","Code":"0105"},{"id":"103","name":"Mir Bacha Kot","provId":"1","geoId":"","provName":"Kabul","alternateNames":"Mir Bacha Kot, Mirbachakot.","district":"Mir Bacha Kot","Code":"0108"},{"id":"104","name":"Kalakan","provId":"1","geoId":"","provName":"Kabul","alternateNames":"Kalakan.","district":"Kalakan","Code":"0110"},{"id":"105","name":"Qarabagh","provId":"1","geoId":"","provName":"Kabul","alternateNames":"Qara Bagh, Qarabagh, Qarah Bagh.  (There is also a Qara Bagh district of Kabul.)","district":"Qara Bagh","Code":"1111"},{"id":"106","name":"Istalif","provId":"1","geoId":"","provName":"Kabul","alternateNames":"Gulistan, Gulestan.","district":"Gulistan","Code":"3310"},{"id":"107","name":"Shakardara","provId":"1","geoId":"","provName":"Kabul","alternateNames":"Anar Dara, Anardara.","district":"Anar Dara","Code":"3307"},{"id":"108","name":"Paghman","provId":"1","geoId":"","provName":"Kabul","alternateNames":"Paghman.","district":"Paghman","Code":"0102"},{"id":"109","name":"Chahar Asyab","provId":"1","geoId":"","provName":"Kabul","alternateNames":"Chahar Asyab, Chaharasyab, Char Asyab, Char Asiab.","district":"Chahar Asyab","Code":"0103"},{"id":"110","name":"Bagrami","provId":"1","geoId":"","provName":"Kabul","alternateNames":"Bagrami.  (There is also a Bagram in Parwan. The airfield is in Baghram of Parwan, not Baghrami.)","district":"Bagrami","Code":"0104"},{"id":"111","name":"Khaki Jabbar","provId":"1","geoId":"","provName":"Kabul","alternateNames":"Khak-e-Jabar, Khak-i-Jabar, Khak Jabar, Khaki Jabbar.","district":"Khak-e-Jabar","Code":"0109"},{"id":"112","name":"Surobi","provId":"1","geoId":"","provName":"Kabul"},{"id":"113","name":"Guldara","provId":"1","geoId":"","provName":"Kabul","alternateNames":"Guldara, Gul Dara, Gul Darah, Guldra.","district":"Guldara","Code":"0111"},{"id":"114","name":"Musayi","provId":"1","geoId":"","provName":"Kabul"},{"id":"115","name":"Farza","provId":"1","geoId":"","provName":"Kabul","alternateNames":"Darzab.","district":"Darzab","Code":"2811"},{"id":"201","name":"Mahmudi Raqi","provId":"2","geoId":"","provName":"Kapisa"},{"id":"202","name":"Hisa-i-Awali Kohistan","provId":"2","geoId":"","provName":"Kapisa","alternateNames":"Hissa-e-Awali Kohistan, Hisah-e Awal-e Kohistan, Kohistan Awal, Kohistani Awal.  (There is also a Hissa-e-Duwumi Kohistan in Kapisa, a Kohistan in Badakhshan, another Kohistan in Faryab, and Kohistanat in Saripul.)","district":"Hissa-e-Awali Kohistan","Code":"0204"},{"id":"203","name":"Koh Band","provId":"2","geoId":"","provName":"Kapisa","alternateNames":"Koh Band, Kohband.","district":"Koh Band","Code":"0203"},{"id":"204","name":"Nijrab","provId":"2","geoId":"","provName":"Kapisa","alternateNames":"Nijrab, Nejrab.","district":"Nijrab","Code":"0205"},{"id":"205","name":"Tagab","provId":"2","geoId":"","provName":"Kapisa","alternateNames":"Tagab, Tagau.","district":"Tagab","Code":"1717"},{"id":"206","name":"","provId":"2","geoId":"","provName":"Kapisa","alternateNames":"Arghanj Khwah, Arghanjkhwa.","district":"Arghanj Khwah","Code":"1703"},{"id":"207","name":"Hisa-i-Duwumi Kohistan","provId":"2","geoId":"","provName":"Kapisa","alternateNames":"Hissa-e-Duwumi Kohistan, Hisah-e Dowum-e Kohistan, Kohistan-I-Duwum.  (There is also a Hissa-e-Awali Kohistan in Kapisa, a Kohistan in Badakhshan, another Kohistan in Faryab, and a Kohistanat in Saripul.)","district":"Hissa-e-Duwumi Kohistan","Code":"0202"},{"id":"301","name":"Chaharikar","provId":"3","geoId":"","provName":"Parwan","alternateNames":"Chahar Darah, Chardarah, Chardara.","district":"Chahar Darah","Code":"1902"},{"id":"302","name":"Jabalussaraj","provId":"3","geoId":"","provName":"Parwan","alternateNames":"Jabulussaraj, Jabal Saraj, Jablas Saraj, Jabal us Saraj.","district":"Jabulussaraj","Code":"0305"},{"id":"303","name":"Salang","provId":"3","geoId":"","provName":"Parwan","alternateNames":"Salang.","district":"Salang","Code":"0306"},{"id":"304","name":"Shinwari","provId":"3","geoId":"","provName":"Parwan","alternateNames":"Shinwar, Ghanikhel, Ghani Kahil.  (There is also a Ghani Khel (aka  Qarghayee) district in Laghman.)","district":"Shinwar","Code":"0616"},{"id":"305","name":"Sia Gird ( Ghorbund)","provId":"3","geoId":"","provName":"Parwan","alternateNames":"Sia Gird, Siagird, Ghorband.","district":"Sia Gird","Code":"0307"},{"id":"306","name":"Shekh  Ali","provId":"3","geoId":"","provName":"Parwan","alternateNames":"Shaykh Ali, Sheikh Ali, Shekhali, Shaykh 'Ali.","district":"Shaykh Ali","Code":"0310"},{"id":"307","name":"Surkhi Parsa","provId":"3","geoId":"","provName":"Parwan","alternateNames":"Surkh Parsa, Surkhi Parsa, Surkh-e-Parsa, Surkhe Parsa, Surkh-o Parsa, Lolinge, Lowlenge.","district":"Surkhi Parsa","Code":"0309"},{"id":"308","name":"Bagram","provId":"3","geoId":"","provName":"Parwan","alternateNames":"Bagrami.  (There is also a Bagram in Parwan. The airfield is in Baghram of Parwan, not Baghrami.)","district":"Bagrami","Code":"0104"},{"id":"309","name":"Kohi Safi","provId":"3","geoId":"","provName":"Parwan","alternateNames":"Koh-e-Safi, Koh Safi.","district":"Koh-e-Safi","Code":"0308"},{"id":"310","name":"Sayd Khel","provId":"3","geoId":"","provName":"Parwan","alternateNames":"Sayyid Khel, Saydkhel. There is also a Sayyad district in Sar-e-Pul, a Sayyid Karam in Paktia, and a Sayyid Abad district in Wardak.","district":"Sayyid Khel","Code":"0304"},{"id":"401","name":"Maydan Shahr","provId":"4","geoId":"","provName":"Wardak","alternateNames":"Maidan Shahr, Maydan Shahr, Maydanshahr.","district":"Maidan Shahr","Code":"0401"},{"id":"402","name":"Jalrez","provId":"4","geoId":"","provName":"Wardak","alternateNames":"Jalrez, Jalrayz.","district":"Jalrez","Code":"0403"},{"id":"403","name":"Hisa-I- Awali Bihsud","provId":"4","geoId":"","provName":"Wardak"},{"id":"404","name":"Markazi Bihsud","provId":"4","geoId":"","provName":"Wardak","alternateNames":"Markaz-e-Behsud, Markaz-i-Bihsud.  (There is also a Hisa-e-Awal-e-Behsud district in Wardak, and a Behsud district in Nangarhar.)","district":"Markaz-e-Behsud","Code":"0409"},{"id":"405","name":"Day Mirdad","provId":"4","geoId":"","provName":"Wardak","alternateNames":"Daimirdad, Daymirdad, Day Mirdad.","district":"Daimirdad","Code":"0406"},{"id":"406","name":"Chaki Wardak","provId":"4","geoId":"","provName":"Wardak","alternateNames":"Chak-e-Wardak, Chak-i-Wardad, Chak.","district":"Chak-e-Wardak","Code":"0404"},{"id":"407","name":"Saydabad","provId":"4","geoId":"","provName":"Wardak","alternateNames":"Asad Abad, Asadabad.","district":"Asad Abad","Code":"1501"},{"id":"408","name":"Nirkh","provId":"4","geoId":"","provName":"Wardak"},{"id":"409","name":"Jaghatu","provId":"4","geoId":"","provName":"Wardak","alternateNames":"Jaghatu, Jaghato, Jighatu, Bahrami Shahid, Bahram-e Shahid, Waeez Shahid, Wais Shahid.  (There is also a Jaghatu in Wardak province.)","district":"Jaghatu","Code":"1106"},{"id":"501","name":"Puli Alam","provId":"5","geoId":"","provName":"Logar","alternateNames":"Puli Alam, Pul-e-Alam, Pul-i-Alam.","district":"Puli Alam","Code":"0501"},{"id":"502","name":"Charkh","provId":"5","geoId":"","provName":"Logar","alternateNames":"Char Kent, Charkent, Charkint, Chahar Kent, Char Kant.","district":"Char Kent","Code":"2104"},{"id":"503","name":"Baraki Barak","provId":"5","geoId":"","provName":"Logar","alternateNames":"Baraki Barak, Barakibarak, Barak-e-Barak.","district":"Baraki Barak","Code":"0502"},{"id":"504","name":"Khoshi","provId":"5","geoId":"","provName":"Logar","alternateNames":"Khost, Matun.","district":"Khost","Code":"1401"},{"id":"505","name":"Mohammad Agha","provId":"5","geoId":"","provName":"Logar","alternateNames":"Mohammad Agha, Mohammadagha.","district":"Mohammad Agha","Code":"0505"},{"id":"506","name":"Azra","provId":"5","geoId":"","provName":"Logar","alternateNames":"Azra.","district":"Azra","Code":"0507"},{"id":"507","name":"Kharwar","provId":"5","geoId":"","provName":"Logar","alternateNames":"Kharwar.","district":"Kharwar","Code":"0506"},{"id":"601","name":"Jalalabad","provId":"6","geoId":"","provName":"Nangerhar","alternateNames":"Jalalabad, Djalalabad.","district":"Jalalabad","Code":"0601"},{"id":"602","name":"Surkh Rod","provId":"6","geoId":"","provName":"Nangerhar","alternateNames":"Surkh Rud, Surkhrud, Surkh Rod, Surkhrod, Sorkh Roud.","district":"Surkh Rud","Code":"0603"},{"id":"603","name":"Hesarak","provId":"6","geoId":"","provName":"Nangerhar","alternateNames":"Hesarak, Hisarak, Hesarak Ghaljai.","district":"Hesarak","Code":"0621"},{"id":"604","name":"Shirzad","provId":"6","geoId":"","provName":"Nangerhar","alternateNames":"Sher Zad, Sherzad, Shir Zad, Shirzad.","district":"Sher Zad","Code":"0619"},{"id":"605","name":"Khogyani","provId":"6","geoId":"","provName":"Nangerhar","alternateNames":"Khugyani, Khogiani, Khoghiani, Wali Muhammad Shahid, Wali Muhammad-e-Shahid .  (There is also a Khugyani in Nangarhar.)","district":"Khugyani","Code":"1102"},{"id":"606","name":"Chaparhar","provId":"6","geoId":"","provName":"Nangerhar","alternateNames":"Chapa Dara, Chapah Darah, Chapadara.","district":"Chapa Dara","Code":"1513"},{"id":"607","name":"Pachir Wa Agam","provId":"6","geoId":"","provName":"Nangerhar","alternateNames":"Pachir Wa Agam, Pachiragam.","district":"Pachir Wa Agam","Code":"0611"},{"id":"608","name":"Deh Bala","provId":"6","geoId":"","provName":"Nangerhar","alternateNames":"Deh Salah, Dehsalah, Deh-e Salah.","district":"Deh Salah","Code":"0908"},{"id":"609","name":"Rodat","provId":"6","geoId":"","provName":"Nangerhar","alternateNames":"Rodat.","district":"Rodat","Code":"0607"},{"id":"610","name":"Achin","provId":"6","geoId":"","provName":"Nangerhar","alternateNames":"Achin, Achen, Acheen, Achine.  (Spingar is part of Achin in the 399 and 407 sets.)","district":"Achin","Code":"0615"},{"id":"611","name":"Nazyan","provId":"6","geoId":"","provName":"Nangerhar","alternateNames":"Nazyan, Nazian, Naziyan.","district":"Nazyan","Code":"0620"},{"id":"612","name":"Dur Baba","provId":"6","geoId":"","provName":"Nangerhar","alternateNames":"Dur Baba, Durbaba.","district":"Dur Baba","Code":"0622"},{"id":"613","name":"Shinwar","provId":"6","geoId":"","provName":"Nangerhar","alternateNames":"Shinwar, Ghanikhel, Ghani Kahil.  (There is also a Ghani Khel (aka  Qarghayee) district in Laghman.)","district":"Shinwar","Code":"0616"},{"id":"614","name":"Muhmand Dara","provId":"6","geoId":"","provName":"Nangerhar","alternateNames":"Andarab, Bano Andarab.","district":"Andarab","Code":"0907"},{"id":"615","name":"Lal Por","provId":"6","geoId":"","provName":"Nangerhar","alternateNames":"Lalpoor, Lalpur, La'lpur, Lalpor, Lal Pur.","district":"Lalpoor","Code":"0618"},{"id":"616","name":"Goshta","provId":"6","geoId":"","provName":"Nangerhar","alternateNames":"Goshta.","district":"Goshta","Code":"0614"},{"id":"617","name":"Bati Kot","provId":"6","geoId":"","provName":"Nangerhar","alternateNames":"Bati Kot, Batikot.","district":"Bati Kot","Code":"0609"},{"id":"618","name":"Kama","provId":"6","geoId":"","provName":"Nangerhar","alternateNames":"Kama, Kamah.","district":"Kama","Code":"0605"},{"id":"619","name":"Kuz Kunar","provId":"6","geoId":"","provName":"Nangerhar","alternateNames":"Kuzkunar, Kuz Kunar, Khewa.","district":"Kuzkunar","Code":"0606"},{"id":"620","name":"Dara-I-Nur","provId":"6","geoId":"","provName":"Nangerhar"},{"id":"621","name":"Bihsud","provId":"6","geoId":"","provName":"Nangerhar"},{"id":"622","name":"Kot","provId":"6","geoId":"","provName":"Nangerhar","alternateNames":"Kot.","district":"Kot","Code":"0613"},{"id":"701","name":"Mihtarlam","provId":"7","geoId":"","provName":"Laghman"},{"id":"702","name":"Qarghayi","provId":"7","geoId":"","provName":"Laghman","alternateNames":"Qarghayee, Ghani Khel, Qarghayi, Qarghah'i, Ghanikhel, Ghanikhil.  (There is also a Ghani Khel (aka Shinwar) district in Nangarhar.)","district":"Qarghayee","Code":"0702"},{"id":"703","name":"Alingar","provId":"7","geoId":"","provName":"Laghman","alternateNames":"Alingar, Ali Negar, Alinegar.","district":"Alingar","Code":"0704"},{"id":"704","name":"Dawlatshah","provId":"7","geoId":"","provName":"Laghman","alternateNames":"Dawlat Shah, Dawlatshah.  (There is also a Dawlatyar in Ghor, a Dawlatabad in Balkh, and another Dawlat Abad in Faryab.)","district":"Dawlat Shah","Code":"0705"},{"id":"705","name":"Alishing","provId":"7","geoId":"","provName":"Laghman","alternateNames":"Alingar, Ali Negar, Alinegar.","district":"Alingar","Code":"0704"},{"id":"801","name":"Bazarak","provId":"8","geoId":"","provName":"Panjshir","alternateNames":"Baharak, Bahorak.  (There is also a Baharak district in Takhar.)","district":"Baharak","Code":"1706"},{"id":"802","name":"Dara","provId":"8","geoId":"","provName":"Panjshir","alternateNames":"Darayim, Darayem, Darah Aim.","district":"Darayim","Code":"1707"},{"id":"803","name":"Khenj (Hese- Awal)","provId":"8","geoId":"","provName":"Panjshir"},{"id":"804","name":"Paryan","provId":"8","geoId":"","provName":"Panjshir","alternateNames":"Paryan, Parian.","district":"Paryan","Code":"0807"},{"id":"805","name":"Shutul","provId":"8","geoId":"","provName":"Panjshir","alternateNames":"Shutul.","district":"Shutul","Code":"0806"},{"id":"806","name":"Unaba","provId":"8","geoId":"","provName":"Panjshir","alternateNames":"Unaba, Anawa, Anaba, Hisa-e-Char Panjshir.","district":"Unaba","Code":"0805"},{"id":"807","name":"Rukha","provId":"8","geoId":"","provName":"Panjshir","alternateNames":"Rukha, Rokha.","district":"Rukha","Code":"0802"},{"id":"901","name":"Puli Khumri","provId":"9","geoId":"","provName":"Baghlan","alternateNames":"Pul-i-Khumri, Pul-e-Khumri.","district":"Pul-i-Khumri","Code":"0901"},{"id":"903","name":"Dahana-I- Ghuri","provId":"9","geoId":"","provName":"Baghlan","alternateNames":"Dahana-e-Ghuri, Dahanah-ye Ghori, Dahana-e-Ghori, Dand-e Ghor.","district":"Dahana-e-Ghuri","Code":"0902"},{"id":"904","name":"Dushi","provId":"9","geoId":"","provName":"Baghlan","alternateNames":"Dushi, Doshi.","district":"Dushi","Code":"0903"},{"id":"905","name":"Tala Wa Barfak","provId":"9","geoId":"","provName":"Baghlan","alternateNames":"Tala Wa Barfak, Talah wa Barfak, Tala Barfak.","district":"Tala Wa Barfak","Code":"0911"},{"id":"906","name":"Khinjan","provId":"9","geoId":"","provName":"Baghlan","alternateNames":"Khinjan, Khenjan.","district":"Khinjan","Code":"0906"},{"id":"907","name":"Andarab","provId":"9","geoId":"","provName":"Baghlan","alternateNames":"Andarab, Bano Andarab.","district":"Andarab","Code":"0907"},{"id":"908","name":"Khost Wa Firing","provId":"9","geoId":"","provName":"Baghlan","alternateNames":"Khost Wa Firing, Khost Wa Fereng, Khost Ferent, Khost.  (Khost Wa Firing is not the same as Firing Wa Gharu of Baghlan.)","district":"Khost Wa Firing","Code":"0913"},{"id":"909","name":"Nahrin","provId":"9","geoId":"","provName":"Baghlan"},{"id":"910","name":"Burka","provId":"9","geoId":"","provName":"Baghlan","alternateNames":"Burka, Barka.","district":"Burka","Code":"0910"},{"id":"911","name":"Baghlani Jadid","provId":"9","geoId":"","provName":"Baghlan"},{"id":"912","name":"Dih Salah","provId":"9","geoId":"","provName":"Baghlan","alternateNames":"Deh Salah, Dehsalah, Deh-e Salah.","district":"Deh Salah","Code":"0908"},{"id":"913","name":"Farang Wa Gharu","provId":"9","geoId":"","provName":"Baghlan","alternateNames":"Firing Wa Gharu, Fereng Wa Gharu, Farang wa Gharu, Farang.","district":"Firing Wa Gharu","Code":"0915"},{"id":"914","name":"Guzargahi Nur","provId":"9","geoId":"","provName":"Baghlan"},{"id":"915","name":"Khwaja Hijran (Jilga Nahrin)","provId":"9","geoId":"","provName":"Baghlan","alternateNames":"Khwaja Hejran, Jalga, Khwajahejran, Khwajah Higran.","district":"Khwaja Hejran","Code":"0909"},{"id":"1001","name":"Bamyan","provId":"10","geoId":"","provName":"Bamyan","alternateNames":"Bamyan, Bamian.","district":"Bamyan","Code":"1001"},{"id":"1002","name":"Shibar","provId":"10","geoId":"","provName":"Bamyan"},{"id":"1003","name":"Kahmard","provId":"10","geoId":"","provName":"Bamyan","alternateNames":"Kahmard, Kohmard.","district":"Kahmard","Code":"1004"},{"id":"1004","name":"Yakawlang","provId":"10","geoId":"","provName":"Bamyan","alternateNames":"Yakawlang, Yakawlang No. 1, Yakawlang Hesa-i Awal, Yakawland Hise Awal.  (The 399 and 407 sets show Yakawlang No. 2 as part of Yakawlang.)","district":"Yakawlang","Code":"1005"},{"id":"1005","name":"Panjab","provId":"10","geoId":"","provName":"Bamyan","alternateNames":"Panjab.","district":"Panjab","Code":"1006"},{"id":"1006","name":"Waras","provId":"10","geoId":"","provName":"Bamyan","alternateNames":"Waras.","district":"Waras","Code":"1007"},{"id":"1007","name":"Sayghan","provId":"10","geoId":"","provName":"Bamyan","alternateNames":"Saighan, Sayghan.","district":"Saighan","Code":"1003"},{"id":"1101","name":"Ghazni","provId":"11","geoId":"","provName":"Ghazni","alternateNames":"Ghazni.","district":"Ghazni","Code":"1101"},{"id":"1102","name":"Bahrami Shahid (Jaghatu)","provId":"11","geoId":"","provName":"Ghazni","alternateNames":"Nahri Shahi, Nahr-e Shahi.","district":"Nahri Shahi","Code":"2102"},{"id":"1103","name":"Khwaja Umari","provId":"11","geoId":"","provName":"Ghazni","alternateNames":"Khwaja Omari, Khwajah Omari, Khwajaumari, Khwaja Umari.","district":"Khwaja Omari","Code":"1103"},{"id":"1104","name":"Nawur","provId":"11","geoId":"","provName":"Ghazni","alternateNames":"Nawur.","district":"Nawur","Code":"1110"},{"id":"1105","name":"Ajristan","provId":"11","geoId":"","provName":"Ghazni","alternateNames":"Shahristan, Shahrestan.","district":"Shahristan","Code":"2402"},{"id":"1106","name":"Malistan","provId":"11","geoId":"","provName":"Ghazni","alternateNames":"Gulistan, Gulestan.","district":"Gulistan","Code":"3310"},{"id":"1107","name":"Jaghuri","provId":"11","geoId":"","provName":"Ghazni","alternateNames":"Jaghuri, Jaghori, Jaghouri.","district":"Jaghuri","Code":"1114"},{"id":"1108","name":"Muqur","provId":"11","geoId":"","provName":"Ghazni","alternateNames":"Muqur, Moqur, Moqor.  (There is also a Moqur district in Ghazni.)","district":"Muqur","Code":"3103"},{"id":"1109","name":"Gelan","provId":"11","geoId":"","provName":"Ghazni","alternateNames":"Gelan, Gilan, Janda (the distict center).","district":"Gelan","Code":"1117"},{"id":"1110","name":"","provId":"11","geoId":"","provName":"Ghazni","alternateNames":"Arghanj Khwah, Arghanjkhwa.","district":"Arghanj Khwah","Code":"1703"},{"id":"1111","name":"Ab Band","provId":"11","geoId":"","provName":"Ghazni","alternateNames":"Ab Band, Abband, Auband.","district":"Ab Band","Code":"1113"},{"id":"1112","name":"Giro","provId":"11","geoId":"","provName":"Ghazni","alternateNames":"Giro.","district":"Giro","Code":"1112"},{"id":"1113","name":"Qarabagh","provId":"11","geoId":"","provName":"Ghazni","alternateNames":"Qara Bagh, Qarabagh, Qarah Bagh.  (There is also a Qara Bagh district of Kabul.)","district":"Qara Bagh","Code":"1111"},{"id":"1114","name":"Andar","provId":"11","geoId":"","provName":"Ghazni","alternateNames":"Andarab, Bano Andarab.","district":"Andarab","Code":"0907"},{"id":"1115","name":"Dih Yak","provId":"11","geoId":"","provName":"Ghazni"},{"id":"1116","name":"Zana Khan","provId":"11","geoId":"","provName":"Ghazni","alternateNames":"Wakhan.","district":"Wakhan","Code":"1728"},{"id":"1117","name":"Rashidan","provId":"11","geoId":"","provName":"Ghazni","alternateNames":"Rashidan.","district":"Rashidan","Code":"1109"},{"id":"1118","name":"Waghaz","provId":"11","geoId":"","provName":"Ghazni","alternateNames":"Waghaz.","district":"Waghaz","Code":"1104"},{"id":"1119","name":"Wali Muhammadi Shahid","provId":"11","geoId":"","provName":"Ghazni"},{"id":"1201","name":"Gardiz","provId":"12","geoId":"","provName":"Paktia"},{"id":"1202","name":"Zurmat","provId":"12","geoId":"","provName":"Paktia","alternateNames":"Zurmat, Zormat.  (Rohany Baba is part of Zurmat in the 399, 407 and 419 sets.)","district":"Zurmat","Code":"1303"},{"id":"1203","name":"Shawak","provId":"12","geoId":"","provName":"Paktia","alternateNames":"Shwak, Shawak, Showak.","district":"Shwak","Code":"1304"},{"id":"1204","name":"Zadran","provId":"12","geoId":"","provName":"Paktia","alternateNames":"Adraskan.","district":"Adraskan","Code":"3209"},{"id":"1205","name":"Ahmad Abad","provId":"12","geoId":"","provName":"Paktia","alternateNames":"Asad Abad, Asadabad.","district":"Asad Abad","Code":"1501"},{"id":"1206","name":"Jani Khail","provId":"12","geoId":"","provName":"Paktia","alternateNames":"Jani Khel, Janikhel.  (There is also a Jani Khel in Paktika.)","district":"Jani Khel","Code":"1309"},{"id":"1207","name":"Dand Patan","provId":"12","geoId":"","provName":"Paktia","alternateNames":"Dand Patan, Dand wa Patan, Dand-e Patan.  (There is also a Dand district in Kandahar.)","district":"Dand Patan","Code":"1311"},{"id":"1208","name":"Chamkani","provId":"12","geoId":"","provName":"Paktia","alternateNames":"Samkani, Chamkani, Chamkani, Tchamkani, Tsamkani, Samkani, Samkanai.","district":"Samkani","Code":"1310"},{"id":"1209","name":"Laja Ahmad Khail","provId":"12","geoId":"","provName":"Paktia","alternateNames":"Laja Ahmad Khel, Ahmadkhel, Ahmad Khel.  (The Laja Mangel area is included in Laja Ahmad Khel in the 399 set.)","district":"Laja Ahmad Khel","Code":"1308"},{"id":"1210","name":"Sayed Karam","provId":"12","geoId":"","provName":"Paktia","alternateNames":"There is also a Sayyad district in Sar-e-Pul, a Sayyid Khel in Parwan, and a Sayyid Abad district in Wardak.  (Mirzaka is part of Sayyid Karam in the 399 set, and split off in the others.)","district":"Sayyid Karam","Code":"1306"},{"id":"1211","name":"Ali Khail (Jaji)","provId":"12","geoId":"","provName":"Paktia"},{"id":"1301","name":"Asadabad","provId":"13","geoId":"","provName":"Kunarha","alternateNames":"Asad Abad, Asadabad.","district":"Asad Abad","Code":"1501"},{"id":"1302","name":"Marawara","provId":"13","geoId":"","provName":"Kunarha","alternateNames":"Marawara, Marwara.","district":"Marawara","Code":"1502"},{"id":"1303","name":"Bar Kunar","provId":"13","geoId":"","provName":"Kunarha","alternateNames":"Bar Kunar, Bar Konar, Barkunar, Asmar.","district":"Bar Kunar","Code":"1508"},{"id":"1304","name":"Dangam","provId":"13","geoId":"","provName":"Kunarha","alternateNames":"Daman.","district":"Daman","Code":"2703"},{"id":"1305","name":"Nari","provId":"13","geoId":"","provName":"Kunarha","alternateNames":"Zari, Zaray.","district":"Zari","Code":"2115"},{"id":"1306","name":"Ghaziabad","provId":"13","geoId":"","provName":"Kunarha","alternateNames":"Ghazi Abad, Ghaziabad.","district":"Ghazi Abad","Code":"1511"},{"id":"1307","name":"Shaygal wa shiltan","provId":"13","geoId":"","provName":"Kunarha"},{"id":"1308","name":"Wata Pur","provId":"13","geoId":"","provName":"Kunarha","alternateNames":"Watapoor, Watahpur, Watapur.","district":"Watapoor","Code":"1503"},{"id":"1309","name":"Chapa Dara","provId":"13","geoId":"","provName":"Kunarha","alternateNames":"Char Sada, Chahar Sadah, Charsadda.","district":"Char Sada","Code":"2304"},{"id":"1310","name":"Dara-I-Pech","provId":"13","geoId":"","provName":"Kunarha","alternateNames":"Dara-e-Pech, Dara-I-Pech, Darah-ye Pech, Pech Dara, Mano Gai, Manogai, Manogay.","district":"Dara-e-Pech","Code":"1507"},{"id":"1311","name":"Narang","provId":"13","geoId":"","provName":"Kunarha","alternateNames":"Anar Dara, Anardara.","district":"Anar Dara","Code":"3307"},{"id":"1312","name":"Chawkay","provId":"13","geoId":"","provName":"Kunarha"},{"id":"1313","name":"Nurgal","provId":"13","geoId":"","provName":"Kunarha"},{"id":"1314","name":"Khas Kunar","provId":"13","geoId":"","provName":"Kunarha","alternateNames":"Khas Kunar, Khaskunar, Khas.","district":"Khas Kunar","Code":"1510"},{"id":"1315","name":"Sarkani","provId":"13","geoId":"","provName":"Kunarha","alternateNames":"Sar Kani, Sarkani, Sarkano.","district":"Sar Kani","Code":"1505"},{"id":"1401","name":"Parun","provId":"14","geoId":"","provName":"Nooristan"},{"id":"1402","name":"Kamdesh","provId":"14","geoId":"","provName":"Nooristan","alternateNames":"Kamdesh, Kamdish.","district":"Kamdesh","Code":"1606"},{"id":"1403","name":"Waygal","provId":"14","geoId":"","provName":"Nooristan","alternateNames":"Waygal, Want Wagal, Wegal, Want Wegal.","district":"Waygal","Code":"1602"},{"id":"1404","name":"","provId":"14","geoId":"","provName":"Nooristan","alternateNames":"Arghanj Khwah, Arghanjkhwa.","district":"Arghanj Khwah","Code":"1703"},{"id":"1405","name":"Bargi Matal","provId":"14","geoId":"","provName":"Nooristan","alternateNames":"Bargi Matal, Barg-i-Matal, Barg-e-Matal, Barg-e-Mataal, Bargromatal.","district":"Bargi Matal","Code":"1608"},{"id":"1406","name":"Wama","provId":"14","geoId":"","provName":"Nooristan","alternateNames":"Kama, Kamah.","district":"Kama","Code":"0605"},{"id":"1407","name":"Du Ab","provId":"14","geoId":"","provName":"Nooristan","alternateNames":"Duab, Do Ab, Du’ab.","district":"Duab","Code":"1605"},{"id":"1408","name":"Nurgaram","provId":"14","geoId":"","provName":"Nooristan"},{"id":"1501","name":"Fayzabad","provId":"15","geoId":"","provName":"Badakhshan","alternateNames":"Faiz Abad, Fayzabad.  (There is also a Faizabad district in Jowzjan.)","district":"Faiz Abad","Code":"1701"},{"id":"1502","name":"Kishim","provId":"15","geoId":"","provName":"Badakhshan","alternateNames":"Kishim, Keshem, Keshm.","district":"Kishim","Code":"1715"},{"id":"1503","name":"Jurm","provId":"15","geoId":"","provName":"Badakhshan","alternateNames":"Jurm, Jorm, Juram.","district":"Jurm","Code":"1710"},{"id":"1504","name":"Kuran Wa Munjan","provId":"15","geoId":"","provName":"Badakhshan","alternateNames":"Kiran Wa Menjan, Kirn wa Manjan, Koran o Monjan.","district":"Kiran Wa Menjan","Code":"1726"},{"id":"1505","name":"Zebak","provId":"15","geoId":"","provName":"Badakhshan","alternateNames":"Zebak, Zibak.","district":"Zebak","Code":"1725"},{"id":"1506","name":"Wakhan","provId":"15","geoId":"","provName":"Badakhshan","alternateNames":"Khwahan.","district":"Khwahan","Code":"1720"},{"id":"1507","name":"Ishkashiem","provId":"15","geoId":"","provName":"Badakhshan","alternateNames":"Eshkashim, Ishkashem.  (Eshkashim is sometimes confused with Eshkamish district of Takhar.)","district":"Eshkashim","Code":"1723"},{"id":"1508","name":"Baharak","provId":"15","geoId":"","provName":"Badakhshan","alternateNames":"Baharak, Bahorak.  (There is also a Baharak district in Takhar.)","district":"Baharak","Code":"1706"},{"id":"1509","name":"Shighnan","provId":"15","geoId":"","provName":"Badakhshan","alternateNames":"Shighnan.","district":"Shighnan","Code":"1719"},{"id":"1510","name":"Darwaz","provId":"15","geoId":"","provName":"Badakhshan"},{"id":"1511","name":"Khwahan","provId":"15","geoId":"","provName":"Badakhshan","alternateNames":"Arghanj Khwah, Arghanjkhwa.","district":"Arghanj Khwah","Code":"1703"},{"id":"1512","name":"Raghistan","provId":"15","geoId":"","provName":"Badakhshan","alternateNames":"Kohistan, Kohestiani.  (There is also a Kohistan in Faryab, a Hissa-e-Awali Kohistan in Kapisa, a Hissa-e Duome Kohistan in Kapisa, and a Kohistanat in Saripul.)","district":"Kohistan","Code":"1708"},{"id":"1513","name":"Shahri Buzurg","provId":"15","geoId":"","provName":"Badakhshan","alternateNames":"Shahri Buzurg, Shahr-e-Buzorg, Shahr-e Buzurg, Shar-e-Buzurg.","district":"Shahri Buzurg","Code":"1713"},{"id":"1514","name":"Arghanj Khaw","provId":"15","geoId":"","provName":"Badakhshan","alternateNames":"Arghanj Khwah, Arghanjkhwa.","district":"Arghanj Khwah","Code":"1703"},{"id":"1515","name":"Argo","provId":"15","geoId":"","provName":"Badakhshan","alternateNames":"Argo, Orgu.","district":"Argo","Code":"1702"},{"id":"1516","name":"Darayim","provId":"15","geoId":"","provName":"Badakhshan","alternateNames":"Darayim, Darayem, Darah Aim.","district":"Darayim","Code":"1707"},{"id":"1517","name":"Darwazbala","provId":"15","geoId":"","provName":"Badakhshan","alternateNames":"Darwaz-e-Bala, Upper Darwaz, Mamai, Mam May.  (Several sources mistakenly reverse Mamai, the center of Darwaz-e-Bala, with Nesay, the center of Darwaz-e-Payin.)","district":"Darwaz-e-Bala","Code":"1727"},{"id":"1518","name":"Khash","provId":"15","geoId":"","provName":"Badakhshan","alternateNames":"Khash.","district":"Khash","Code":"1705"},{"id":"1519","name":"Kohistan","provId":"15","geoId":"","provName":"Badakhshan","alternateNames":"Kohistan, Kohestiani.  (There is also a Kohistan in Faryab, a Hissa-e-Awali Kohistan in Kapisa, a Hissa-e Duome Kohistan in Kapisa, and a Kohistanat in Saripul.)","district":"Kohistan","Code":"1708"},{"id":"1520","name":"Kuf Ab","provId":"15","geoId":"","provName":"Badakhshan","alternateNames":"Kufab, Kofab, Kuf Ab.","district":"Kufab","Code":"1721"},{"id":"1521","name":"Shaki","provId":"15","geoId":"","provName":"Badakhshan"},{"id":"1522","name":"Shahada","provId":"15","geoId":"","provName":"Badakhshan","alternateNames":"Shuhada, Shohada.","district":"Shuhada","Code":"1712"},{"id":"1523","name":"Tagab (Kishmi Bala)","provId":"15","geoId":"","provName":"Badakhshan","alternateNames":"Tagab, Tagau.","district":"Tagab","Code":"1717"},{"id":"1524","name":"Tashkan","provId":"15","geoId":"","provName":"Badakhshan","alternateNames":"Tashkan, Teshkan.","district":"Tashkan","Code":"1711"},{"id":"1525","name":"Warduj","provId":"15","geoId":"","provName":"Badakhshan"},{"id":"1526","name":"Yaftal Sufla","provId":"15","geoId":"","provName":"Badakhshan","alternateNames":"Yaftal-e-Sufla, Yaftal Payin, Yaftal-i-Paen, Lower Yaftal.","district":"Yaftal-e-Sufla","Code":"1704"},{"id":"1527","name":"Yamgan (Girwan)","provId":"15","geoId":"","provName":"Badakhshan","alternateNames":"Yamgan, Girwan, Yumgan,.","district":"Yamgan","Code":"1718"},{"id":"1528","name":"Yawan","provId":"15","geoId":"","provName":"Badakhshan","alternateNames":"Yawan.","district":"Yawan","Code":"1709"},{"id":"1601","name":"Taluqan","provId":"16","geoId":"","provName":"Takhar","alternateNames":"Taluqan, Taloqan.","district":"Taluqan","Code":"1801"},{"id":"1602","name":"Bangi","provId":"16","geoId":"","provName":"Takhar","alternateNames":"Sangin.","district":"Sangin","Code":"3008"},{"id":"1603","name":"Ishkamish","provId":"16","geoId":"","provName":"Takhar","alternateNames":"Eshkamesh, Ishkamish.  (There is also an Eshkashim district in Badakhshan.)","district":"Eshkamesh","Code":"1811"},{"id":"1604","name":"Chal","provId":"16","geoId":"","provName":"Takhar","alternateNames":"Chal.","district":"Chal","Code":"1805"},{"id":"1605","name":"Warsaj","provId":"16","geoId":"","provName":"Takhar","alternateNames":"Warsaj.","district":"Warsaj","Code":"1813"},{"id":"1606","name":"Farkhar","provId":"16","geoId":"","provName":"Takhar","alternateNames":"Charkh, Tchark.","district":"Charkh","Code":"0503"},{"id":"1607","name":"Kalfagan","provId":"16","geoId":"","provName":"Takhar"},{"id":"1608","name":"Rustaq","provId":"16","geoId":"","provName":"Takhar","alternateNames":"Rustaq, Rostak.","district":"Rustaq","Code":"1810"},{"id":"1609","name":"Chah Ab","provId":"16","geoId":"","provName":"Takhar","alternateNames":"Chahar Asyab, Chaharasyab, Char Asyab, Char Asiab.","district":"Chahar Asyab","Code":"0103"},{"id":"1610","name":"Yangi Qala","provId":"16","geoId":"","provName":"Takhar","alternateNames":"Salang.","district":"Salang","Code":"0306"},{"id":"1611","name":"Darqad","provId":"16","geoId":"","provName":"Takhar","alternateNames":"Darqad.","district":"Darqad","Code":"1815"},{"id":"1612","name":"Khwaja Ghar","provId":"16","geoId":"","provName":"Takhar","alternateNames":"Khwaja Omari, Khwajah Omari, Khwajaumari, Khwaja Umari.","district":"Khwaja Omari","Code":"1103"},{"id":"1613","name":"Baharak","provId":"16","geoId":"","provName":"Takhar","alternateNames":"Baharak, Bahorak.  (There is also a Baharak district in Takhar.)","district":"Baharak","Code":"1706"},{"id":"1614","name":"Dashti Qala","provId":"16","geoId":"","provName":"Takhar","alternateNames":"Dashti Qala, Dasht-i-Qala, Dasht-e-Qala,, Dasht-e Qal'ah.","district":"Dashti Qala","Code":"1812"},{"id":"1615","name":"Hazar Sumuch","provId":"16","geoId":"","provName":"Takhar","alternateNames":"Hazar Sumuch, Hazarsumuch, Hazar Sumoch.","district":"Hazar Sumuch","Code":"1802"},{"id":"1616","name":"Khwaja Bahawuddin","provId":"16","geoId":"","provName":"Takhar","alternateNames":"Khwaja Bahawuddin, Khwajabahauddin, Khwaja Bahauddin.","district":"Khwaja Bahawuddin","Code":"1814"},{"id":"1617","name":"Namak Ab","provId":"16","geoId":"","provName":"Takhar","alternateNames":"Ab Kamari, Ab-e Kamari, Abkamari.","district":"Ab Kamari","Code":"3102"},{"id":"1701","name":"Kunduz","provId":"17","geoId":"","provName":"Kunduz","alternateNames":"Kunduz, Konduz.  (Gurtepa is part of the Kunduz capital district in the 399 and 407 sets.)","district":"Kunduz","Code":"1901"},{"id":"1702","name":"Imam Sahib","provId":"17","geoId":"","provName":"Kunduz","alternateNames":"Imam Sahib, Hazrati Imam Sahib, Emamsaheb, Emam Sahib.","district":"Imam Sahib","Code":"1905"},{"id":"1703","name":"Qalay-I- Zal","provId":"17","geoId":"","provName":"Kunduz","alternateNames":"Qala-e-Zal, Qala-i-Zal, Qal'ah-ye Zal.","district":"Qala-e-Zal","Code":"1907"},{"id":"1704","name":"Chahar Dara","provId":"17","geoId":"","provName":"Kunduz","alternateNames":"Anar Dara, Anardara.","district":"Anar Dara","Code":"3307"},{"id":"1705","name":"Aliabad","provId":"17","geoId":"","provName":"Kunduz","alternateNames":"Ali Abad, Aliabad.","district":"Ali Abad","Code":"1903"},{"id":"1706","name":"Khanabad","provId":"17","geoId":"","provName":"Kunduz","alternateNames":"Khanaqa, Khaniqa.","district":"Khanaqa","Code":"2803"},{"id":"1707","name":"Dashte Archi","provId":"17","geoId":"","provName":"Kunduz","alternateNames":"Dasht-e-Archi, Dasht-i-Archi.  (Calbad is part of Dasht-e-Archi in the 399 and 407 sets.)","district":"Dasht-e-Archi","Code":"1906"},{"id":"1801","name":"Aybak","provId":"18","geoId":"","provName":"Samangan","alternateNames":"Aybak, Aibak.","district":"Aybak","Code":"2001"},{"id":"1802","name":"Hazrati Sultan","provId":"18","geoId":"","provName":"Samangan","alternateNames":"Hazrat-e-Sultan, Hazrat Sultan.","district":"Hazrat-e-Sultan","Code":"2002"},{"id":"1803","name":"Dara-I-Sufi Bala","provId":"18","geoId":"","provName":"Samangan"},{"id":"1804","name":"Dara-I-Sufi Payin","provId":"18","geoId":"","provName":"Samangan","alternateNames":"Dara-e-Soof-i-Payin, Darah-ye-Suf-e Pa'in, Dara-e-Sof-e-Payin, Dara-e-Souf-e-Payan, Dara-i-Sauf Paeen.","district":"Dara-e-Soof-i-Payin","Code":"2006"},{"id":"1805","name":"Ruyi Du Ab","provId":"18","geoId":"","provName":"Samangan"},{"id":"1806","name":"Khuram Wa Sarbagh","provId":"18","geoId":"","provName":"Samangan","alternateNames":"Khuram Wa Sarbagh,Khuram wa Sar Bagh, Khuram Sarbagh.","district":"Khuram Wa Sarbagh","Code":"2003"},{"id":"1807","name":"Feroz Nakhchir","provId":"18","geoId":"","provName":"Samangan","alternateNames":"Feroz Nakhcheer, Feroznakhchir, Feroz Nakhchir.","district":"Feroz Nakhcheer","Code":"2004"},{"id":"1901","name":"Sari Pul","provId":"19","geoId":"","provName":"Sar-i-Pul"},{"id":"1902","name":"Sangcharak","provId":"19","geoId":"","provName":"Sar-i-Pul","alternateNames":"Sancharak, Sangcharak.","district":"Sancharak","Code":"2205"},{"id":"1903","name":"Kohistanat","provId":"19","geoId":"","provName":"Sar-i-Pul","alternateNames":"Kohistan, Kohestiani.  (There is also a Kohistan in Faryab, a Hissa-e-Awali Kohistan in Kapisa, a Hissa-e Duome Kohistan in Kapisa, and a Kohistanat in Saripul.)","district":"Kohistan","Code":"1708"},{"id":"1904","name":"Balkhab","provId":"19","geoId":"","provName":"Sar-i-Pul","alternateNames":"Balkh.","district":"Balkh","Code":"2106"},{"id":"1905","name":"Sozma Qala","provId":"19","geoId":"","provName":"Sar-i-Pul","alternateNames":"Sozma Qala, Sozmaqala, Sozmah Qal'ah.","district":"Sozma Qala","Code":"2204"},{"id":"1906","name":"Sayyad","provId":"19","geoId":"","provName":"Sar-i-Pul","alternateNames":"Sayyad, Sayad.  (There is also a Sayyid Khel district in Parwan, a Sayyid Karam in Paktika, and a Sayyid Abad district in Wardak.)","district":"Sayyad","Code":"2202"},{"id":"1907","name":"Gosfandi","provId":"19","geoId":"","provName":"Sar-i-Pul","alternateNames":"Gosfandi.","district":"Gosfandi","Code":"2206"},{"id":"2001","name":"Chaghcharan","provId":"20","geoId":"","provName":"Ghor","alternateNames":"Khani Charbagh, Khan-e-Char Bagh. Khan-e Chahr Bagh, Khan Chahr Bagh.","district":"Khani Charbagh","Code":"2914"},{"id":"2002","name":"Shahrak","provId":"20","geoId":"","provName":"Ghor","alternateNames":"Baharak, Bahorak.  (There is also a Baharak district in Takhar.)","district":"Baharak","Code":"1706"},{"id":"2003","name":"Tulak","provId":"20","geoId":"","provName":"Ghor","alternateNames":"Tulak, Tolak.","district":"Tulak","Code":"2309"},{"id":"2004","name":"Saghar","provId":"20","geoId":"","provName":"Ghor","alternateNames":"Saghar, Sagher.","district":"Saghar","Code":"2310"},{"id":"2005","name":"Taywara","provId":"20","geoId":"","provName":"Ghor","alternateNames":"Taywara, Taywarah, Taiwara, Taywaraha.","district":"Taywara","Code":"2308"},{"id":"2006","name":"Pasaband","provId":"20","geoId":"","provName":"Ghor","alternateNames":"Ab Band, Abband, Auband.","district":"Ab Band","Code":"1113"},{"id":"2007","name":"Lal Wa Sarjangal","provId":"20","geoId":"","provName":"Ghor","alternateNames":"Lal Wa SarJangal, La'l wa SarJangal.","district":"Lal Wa SarJangal","Code":"2307"},{"id":"2008","name":"Charsada","provId":"20","geoId":"","provName":"Ghor","alternateNames":"Char Sada, Chahar Sadah, Charsadda.","district":"Char Sada","Code":"2304"},{"id":"2009","name":"Dawlat Yar","provId":"20","geoId":"","provName":"Ghor","alternateNames":"Dawlatyar, Dolatyar, Dawlat Yar.  (There is also a Dawlatshar in Laghman, a Dawlat Abad in Faryab, and a Dawlatabad in Balkh.)","district":"Dawlatyar","Code":"2303"},{"id":"2010","name":"Du Layna","provId":"20","geoId":"","provName":"Ghor"},{"id":"2101","name":"Nili","provId":"21","geoId":"","provName":"Daikondi","alternateNames":"Nili, Layli.","district":"Nili","Code":"2401"},{"id":"2102","name":"Gizab","provId":"21","geoId":"","provName":"Daikondi","alternateNames":"Gizab, Gezab.  (Patoo is part of Gizab district, and it is part of Daikundi in the 399 and 407 sets.  Gizab (minus Patoo) is part of Urugzan province in the 419 and 421 sets.)","district":"Gizab","Code":"2506"},{"id":"2103","name":"Ishtarlay","provId":"21","geoId":"","provName":"Daikondi","alternateNames":"Ishterlai, Ashtarlay, Ishterli.","district":"Ishterlai","Code":"2403"},{"id":"2104","name":"Kajran","provId":"21","geoId":"","provName":"Daikondi"},{"id":"2105","name":"Khadir","provId":"21","geoId":"","provName":"Daikondi"},{"id":"2106","name":"Gaiti","provId":"21","geoId":"","provName":"Daikondi"},{"id":"2107","name":"Miramor","provId":"21","geoId":"","provName":"Daikondi","alternateNames":"Miramor, Mir Amor.","district":"Miramor","Code":"2406"},{"id":"2108","name":"Sangi Takht","provId":"21","geoId":"","provName":"Daikondi","alternateNames":"Sang-e-Takht, Sangi Takht, Sang-e-Takht Bandar, Bandar.","district":"Sang-e-Takht","Code":"2407"},{"id":"2109","name":"Shahristan","provId":"21","geoId":"","provName":"Daikondi","alternateNames":"Nahri Shahi, Nahr-e Shahi.","district":"Nahri Shahi","Code":"2102"},{"id":"2201","name":"Tirin Kot","provId":"22","geoId":"","provName":"Urozgan","alternateNames":"Tirinkot, Tirin Kot, Tarinkot, Tarin Kot.","district":"Tirinkot","Code":"2501"},{"id":"2202","name":"Chora","provId":"22","geoId":"","provName":"Urozgan","alternateNames":"Ghorak.","district":"Ghorak","Code":"2709"},{"id":"2203","name":"Khas Uruzgan","provId":"22","geoId":"","provName":"Urozgan","alternateNames":"Khas Urozgan, Khasuruzgan, Khas Oruzgan.","district":"Khas Urozgan","Code":"2505"},{"id":"2204","name":"Shahidi Hassas","provId":"22","geoId":"","provName":"Urozgan","alternateNames":"Shahidi Hassas, Shaidi Assas, Charchino, Char China.  (Sia Sang is included in Shahidi Hassas in all district sets, but some consider it to be a district.)","district":"Shahidi Hassas","Code":"2504"},{"id":"2205","name":"Dihrawud","provId":"22","geoId":"","provName":"Urozgan"},{"id":"2301","name":"Qalat","provId":"23","geoId":"","provName":"Zabul","alternateNames":"Qalat.","district":"Qalat","Code":"2601"},{"id":"2302","name":"Shahjoy","provId":"23","geoId":"","provName":"Zabul","alternateNames":"Shah Joi, Shahjoy, Shajoy, Shahjoi.","district":"Shah Joi","Code":"2606"},{"id":"2303","name":"Arghandab","provId":"23","geoId":"","provName":"Zabul","alternateNames":"Andarab, Bano Andarab.","district":"Andarab","Code":"0907"},{"id":"2304","name":"Daychopan","provId":"23","geoId":"","provName":"Zabul","alternateNames":"Daichopan, Daychopan, Day Chopan.","district":"Daichopan","Code":"2607"},{"id":"2305","name":"Mizan","provId":"23","geoId":"","provName":"Zabul","alternateNames":"Mizan.","district":"Mizan","Code":"2604"},{"id":"2306","name":"Tarnak Wa Jaldak","provId":"23","geoId":"","provName":"Zabul","alternateNames":"Tarnak wa Jaldak, Jeldak, Jaldak, Shahr-e-Safa, Shar-e-Safa.","district":"Tarnak wa Jaldak","Code":"2602"},{"id":"2307","name":"Shinkay","provId":"23","geoId":"","provName":"Zabul","alternateNames":"Shinkai, Shinkay.  (There is also a Shinkai area in Kapisa.  The Surri (or Seuri, Sewray) area is included in Shinkai in all of these district sets.)","district":"Shinkai","Code":"2603"},{"id":"2308","name":"Atghar","provId":"23","geoId":"","provName":"Zabul","alternateNames":"Atghar.","district":"Atghar","Code":"2608"},{"id":"2309","name":"Shamulzayi","provId":"23","geoId":"","provName":"Zabul","alternateNames":"Shamul, Shamal.","district":"Shamul","Code":"1412"},{"id":"2310","name":"Kakar","provId":"23","geoId":"","provName":"Zabul","alternateNames":"Kakar, Khak-e-Afghan.","district":"Kakar","Code":"2611"},{"id":"2311","name":"Naw Bahar","provId":"23","geoId":"","provName":"Zabul","alternateNames":"Baharak, Bahorak.  (There is also a Baharak district in Takhar.)","district":"Baharak","Code":"1706"},{"id":"2401","name":"Sharan","provId":"24","geoId":"","provName":"Paktika","alternateNames":"Sharan, Sharana.","district":"Sharan","Code":"1201"},{"id":"2402","name":"Zarghun Shahr","provId":"24","geoId":"","provName":"Paktika","alternateNames":"Zarghun Shahr, Khair Kot, Katawaz, Zarghunshahr.","district":"Zarghun Shahr","Code":"1207"},{"id":"2403","name":"Dila","provId":"24","geoId":"","provName":"Paktika","alternateNames":"Dilaram, Delaram.  (Dilaram is part of Kashrod in the 399 district set.)","district":"Dilaram","Code":"3406"},{"id":"2404","name":"Waza Khwa","provId":"24","geoId":"","provName":"Paktika","alternateNames":"Wazakhwah, Waza Khwa, Wazah Khwah, Wazi Khwa.","district":"Wazakhwah","Code":"1217"},{"id":"2405","name":"Wor Mayi","provId":"24","geoId":"","provName":"Paktika","alternateNames":"Wormamay, Wur Mamay, Wormamai, Wormami, Wor Mamay.","district":"Wormamay","Code":"1218"},{"id":"2406","name":"Gomal","provId":"24","geoId":"","provName":"Paktika","alternateNames":"Gomal, Gumal.  (Chaharbaran is part of Gomal in these district sets, but is often refered to as a district.)","district":"Gomal","Code":"1208"},{"id":"2407","name":"Omna","provId":"24","geoId":"","provName":"Paktika","alternateNames":"Omna, Omnah.","district":"Omna","Code":"1206"},{"id":"2408","name":"Sarobi","provId":"24","geoId":"","provName":"Paktika"},{"id":"2409","name":"Barmal","provId":"24","geoId":"","provName":"Paktika","alternateNames":"Almar.","district":"Almar","Code":"2904"},{"id":"2410","name":"Gayan","provId":"24","geoId":"","provName":"Paktika","alternateNames":"Yamgan, Girwan, Yumgan,.","district":"Yamgan","Code":"1718"},{"id":"2411","name":"Urgun","provId":"24","geoId":"","provName":"Paktika"},{"id":"2412","name":"Ziruk","provId":"24","geoId":"","provName":"Paktika","alternateNames":"Ziruk, Zeruk, Zerok, Zirok.","district":"Ziruk","Code":"1212"},{"id":"2413","name":"","provId":"24","geoId":"","provName":"Paktika","alternateNames":"Arghanj Khwah, Arghanjkhwa.","district":"Arghanj Khwah","Code":"1703"},{"id":"2414","name":"Sar Hawza","provId":"24","geoId":"","provName":"Paktika","alternateNames":"Sar Rawza, Sar Hawza, Sarrawzah, Sarhawzah, Sar Hawzeh.","district":"Sar Rawza","Code":"1205"},{"id":"2415","name":"Mata Khan","provId":"24","geoId":"","provName":"Paktika","alternateNames":"Wakhan.","district":"Wakhan","Code":"1728"},{"id":"2416","name":"Jani Khel","provId":"24","geoId":"","provName":"Paktika","alternateNames":"Jani Khel, Janikhel.  (There is also a Jani Khel in Paktika.)","district":"Jani Khel","Code":"1309"},{"id":"2417","name":"Turwo","provId":"24","geoId":"","provName":"Paktika","alternateNames":"Turwo, Tarwe, Terwa, Turwa.","district":"Turwo","Code":"1219"},{"id":"2418","name":"Yahya Khel","provId":"24","geoId":"","provName":"Paktika","alternateNames":"Yahya Khel, Yahyakhel, Yahya Khail.","district":"Yahya Khel","Code":"1204"},{"id":"2419","name":"Yosuf Khel","provId":"24","geoId":"","provName":"Paktika","alternateNames":"Yosuf Khel, Yosufkhel.","district":"Yosuf Khel","Code":"1203"},{"id":"2501","name":"Khost(Matun)","provId":"25","geoId":"","provName":"Khost","alternateNames":"Khost, Matun.","district":"Khost","Code":"1401"},{"id":"2502","name":"Jaji Maidan","provId":"25","geoId":"","provName":"Khost","alternateNames":"Jaji Maidan, Jajimaydan, Jaji, Zazi Maidan, Zazi, Zazai.","district":"Jaji Maidan","Code":"1413"},{"id":"2503","name":"Tani","provId":"25","geoId":"","provName":"Khost"},{"id":"2504","name":"Spira","provId":"25","geoId":"","provName":"Khost"},{"id":"2505","name":"Mosa Khail","provId":"25","geoId":"","provName":"Khost"},{"id":"2506","name":"Mando Zayi","provId":"25","geoId":"","provName":"Khost","alternateNames":"Manduzay, Esmayel Khil, Mandozayi, Manduzai, Ismail Khel, Mando Zayi.","district":"Manduzay","Code":"1402"},{"id":"2507","name":"Tere Zayi","provId":"25","geoId":"","provName":"Khost"},{"id":"2508","name":"Nadir Shah Kot","provId":"25","geoId":"","provName":"Khost","alternateNames":"Nadir Shah Kot, Nadirshahkot.","district":"Nadir Shah Kot","Code":"1406"},{"id":"2509","name":"Sabri","provId":"25","geoId":"","provName":"Khost","alternateNames":"Sabari, Sabaro, Yaqubi.","district":"Sabari","Code":"1407"},{"id":"2510","name":"Bak","provId":"25","geoId":"","provName":"Khost","alternateNames":"Zebak, Zibak.","district":"Zebak","Code":"1725"},{"id":"2511","name":"Gurbuz","provId":"25","geoId":"","provName":"Khost","alternateNames":"Gurbuz.","district":"Gurbuz","Code":"1403"},{"id":"2512","name":"Qalandar","provId":"25","geoId":"","provName":"Khost","alternateNames":"Andarab, Bano Andarab.","district":"Andarab","Code":"0907"},{"id":"2513","name":"Shamal","provId":"25","geoId":"","provName":"Khost"},{"id":"2601","name":"Mazari Sharif","provId":"26","geoId":"","provName":"Balkh","alternateNames":"Mazar-e-Sharif, Mazar-i-Sharif, Mazar.","district":"Mazar-e-Sharif","Code":"2101"},{"id":"2602","name":"Nahri Shahi","provId":"26","geoId":"","provName":"Balkh","alternateNames":"Nahri Shahi, Nahr-e Shahi.","district":"Nahri Shahi","Code":"2102"},{"id":"2603","name":"Zari","provId":"26","geoId":"","provName":"Balkh","alternateNames":"Zari, Zaray.","district":"Zari","Code":"2115"},{"id":"2604","name":"Shortepa","provId":"26","geoId":"","provName":"Balkh","alternateNames":"Shortepa, Shortepah, Shortipa.","district":"Shortepa","Code":"2112"},{"id":"2605","name":"Dawlatabad","provId":"26","geoId":"","provName":"Balkh","alternateNames":"Dawlat Abad, Dawlatabad, Dolatabad.  (There is also a Dawlatabad in Faryab, and a Dawlatshah in Laghman, and a Dawlatyar in Ghor.)","district":"Dawlat Abad","Code":"2109"},{"id":"2606","name":"Balkh","provId":"26","geoId":"","provName":"Balkh","alternateNames":"Balkh.","district":"Balkh","Code":"2106"},{"id":"2607","name":"Chahar Bolak","provId":"26","geoId":"","provName":"Balkh","alternateNames":"Char Bolak, Chahar Bulak, Charbulak.","district":"Char Bolak","Code":"2111"},{"id":"2608","name":"Chimtal","provId":"26","geoId":"","provName":"Balkh","alternateNames":"Chimtal, Chemtal, Tchimtal.","district":"Chimtal","Code":"2108"},{"id":"2609","name":"Sholgara","provId":"26","geoId":"","provName":"Balkh","alternateNames":"Sholgara, Sholgarah, Shulgara, Shulgar.","district":"Sholgara","Code":"2107"},{"id":"2610","name":"Kishindih","provId":"26","geoId":"","provName":"Balkh","alternateNames":"Kishim, Keshem, Keshm.","district":"Kishim","Code":"1715"},{"id":"2611","name":"Chahar Kint","provId":"26","geoId":"","provName":"Balkh","alternateNames":"Char Kent, Charkent, Charkint, Chahar Kent, Char Kant.","district":"Char Kent","Code":"2104"},{"id":"2612","name":"Dihdadi","provId":"26","geoId":"","provName":"Balkh","alternateNames":"Dehdadi, Dihdadi.","district":"Dehdadi","Code":"2103"},{"id":"2613","name":"Kaldar","provId":"26","geoId":"","provName":"Balkh","alternateNames":"Kaldar.  (The 421 district set shows Sharak-e-Hairatan as part of Kaldar.)","district":"Kaldar","Code":"2113"},{"id":"2614","name":"Khulm","provId":"26","geoId":"","provName":"Balkh","alternateNames":"Khulm, Khulam, Tashqurghan, Tash Qurghan.","district":"Khulm","Code":"2110"},{"id":"2615","name":"Marmul","provId":"26","geoId":"","provName":"Balkh","alternateNames":"Marmul.","district":"Marmul","Code":"2105"},{"id":"2701","name":"Shibirghan","provId":"27","geoId":"","provName":"Juzjan"},{"id":"2702","name":"Khwaja Du Koh","provId":"27","geoId":"","provName":"Juzjan","alternateNames":"Khwajadukoh, Khwaja Dukoh, Khwajah Do Koh, Kohja Dukoh.","district":"Khwaja Dukoh","Code":"2802"},{"id":"2703","name":"Darzab","provId":"27","geoId":"","provName":"Juzjan","alternateNames":"Darzab.","district":"Darzab","Code":"2811"},{"id":"2704","name":"Mangajek","provId":"27","geoId":"","provName":"Juzjan"},{"id":"2705","name":"Qarqin","provId":"27","geoId":"","provName":"Juzjan","alternateNames":"Qarqin, Qarqeen.","district":"Qarqin","Code":"2810"},{"id":"2706","name":"Aqcha","provId":"27","geoId":"","provName":"Juzjan","alternateNames":"Aqchah, Aqcha.","district":"Aqchah","Code":"2807"},{"id":"2707","name":"Mardyan","provId":"27","geoId":"","provName":"Juzjan","alternateNames":"Mardyan, Mardian, Murdian.","district":"Mardyan","Code":"2809"},{"id":"2708","name":"Fayzabad","provId":"27","geoId":"","provName":"Juzjan","alternateNames":"Faiz Abad, Fayzabad.  (There is also a Faizabad district in Jowzjan.)","district":"Faiz Abad","Code":"1701"},{"id":"2709","name":"Kham Ab","provId":"27","geoId":"","provName":"Juzjan","alternateNames":"Khamyab, Khamab, Kham Aab, Khamaab.","district":"Khamyab","Code":"2806"},{"id":"2710","name":"Khaniqa","provId":"27","geoId":"","provName":"Juzjan","alternateNames":"Khanaqa, Khaniqa.","district":"Khanaqa","Code":"2803"},{"id":"2711","name":"Qush Tepa","provId":"27","geoId":"","provName":"Juzjan","alternateNames":"Qush Tepa, Qushtepa, Qushtipa.","district":"Qush Tepa","Code":"2805"},{"id":"2801","name":"Maymana","provId":"28","geoId":"","provName":"Faryab","alternateNames":"Maimana, Maymana, Maimanah.","district":"Maimana","Code":"2901"},{"id":"2802","name":"Pashtun Kot","provId":"28","geoId":"","provName":"Faryab","alternateNames":"Pashtun Kot, Pashtunkot.","district":"Pashtun Kot","Code":"2902"},{"id":"2803","name":"Almar","provId":"28","geoId":"","provName":"Faryab","alternateNames":"Almar.","district":"Almar","Code":"2904"},{"id":"2804","name":"Qaysar","provId":"28","geoId":"","provName":"Faryab"},{"id":"2805","name":"Kohistan","provId":"28","geoId":"","provName":"Faryab","alternateNames":"Kohistan, Kohestiani.  (There is also a Kohistan in Faryab, a Hissa-e-Awali Kohistan in Kapisa, a Hissa-e Duome Kohistan in Kapisa, and a Kohistanat in Saripul.)","district":"Kohistan","Code":"1708"},{"id":"2806","name":"Bilchiragh","provId":"28","geoId":"","provName":"Faryab","alternateNames":"Bilchiragh, Bilcheragh, Bal Chiragh, Belcheragh.","district":"Bilchiragh","Code":"2905"},{"id":"2807","name":"Gurziwan","provId":"28","geoId":"","provName":"Faryab","alternateNames":"Gurziwan, Garziwan, Gorzivan.","district":"Gurziwan","Code":"2908"},{"id":"2808","name":"Shirin Tagab","provId":"28","geoId":"","provName":"Faryab","alternateNames":"Shirin Tagab, Shirintagab, Sherin Tagab, Sherin Tagau.  (There is also a Tagab in Kapisa and in Badakhshan.)","district":"Shirin Tagab","Code":"2906"},{"id":"2809","name":"Dawlatabad","provId":"28","geoId":"","provName":"Faryab","alternateNames":"Dawlat Abad, Dawlatabad, Dolatabad.  (There is also a Dawlatabad in Faryab, and a Dawlatshah in Laghman, and a Dawlatyar in Ghor.)","district":"Dawlat Abad","Code":"2109"},{"id":"2810","name":"Qaramqol","provId":"28","geoId":"","provName":"Faryab","alternateNames":"Qaram Qul, Qaramqol.","district":"Qaram Qul","Code":"2911"},{"id":"2811","name":"Khani Chahar Bagh","provId":"28","geoId":"","provName":"Faryab","alternateNames":"Khani Charbagh, Khan-e-Char Bagh. Khan-e Chahr Bagh, Khan Chahr Bagh.","district":"Khani Charbagh","Code":"2914"},{"id":"2812","name":"Andkhoy","provId":"28","geoId":"","provName":"Faryab","alternateNames":"Andkhoy, Andkhoi.","district":"Andkhoy","Code":"2913"},{"id":"2814","name":"Qurghan","provId":"28","geoId":"","provName":"Faryab","alternateNames":"Murghab, Bala Murghab, Balamerghab.","district":"Murghab","Code":"3105"},{"id":"2901","name":"Lashkar Gah","provId":"29","geoId":"","provName":"Helmand","alternateNames":"Lashkargah, Lashkar Gah.","district":"Lashkargah","Code":"3001"},{"id":"2902","name":"Nahri Sarraj","provId":"29","geoId":"","provName":"Helmand","alternateNames":"Nahr-i-Saraj, Gerishk, Greshk.","district":"Nahr-i-Saraj","Code":"3004"},{"id":"2903","name":"Kajaki","provId":"29","geoId":"","provName":"Helmand","alternateNames":"Kajaki.","district":"Kajaki","Code":"3010"},{"id":"2904","name":"Musa Qala","provId":"29","geoId":"","provName":"Helmand","alternateNames":"Musa Qala, Musaqalah.","district":"Musa Qala","Code":"3009"},{"id":"2905","name":"","provId":"29","geoId":"","provName":"Helmand","alternateNames":"Arghanj Khwah, Arghanjkhwa.","district":"Arghanj Khwah","Code":"1703"},{"id":"2906","name":"Naw Zad","provId":"29","geoId":"","provName":"Helmand","alternateNames":"Nawzad, Now Zad.","district":"Nawzad","Code":"3007"},{"id":"2907","name":"Washer","provId":"29","geoId":"","provName":"Helmand","alternateNames":"Washer, Washir.","district":"Washer","Code":"3005"},{"id":"2908","name":"Nad Ali","provId":"29","geoId":"","provName":"Helmand","alternateNames":"Nad Ali, Nad-e-Ali, Nad 'Ali, Nadali. (Marja is part of Nad Ali in the 399 district set.)","district":"Nad Ali","Code":"3002"},{"id":"2909","name":"Nawa-I- Barak Zayi","provId":"29","geoId":"","provName":"Helmand","alternateNames":"Nawa-i-Barikzayi, Nawa-e-Barakzaiy, Nawah-ye-Barakzai, Nawa, Shamalan.  (There is also a Nawa district in Ghazni.)","district":"Nawa-i-Barikzayi","Code":"3003"},{"id":"2910","name":"","provId":"29","geoId":"","provName":"Helmand","alternateNames":"Arghanj Khwah, Arghanjkhwa.","district":"Arghanj Khwah","Code":"1703"},{"id":"2911","name":"Garmser","provId":"29","geoId":"","provName":"Helmand","alternateNames":"Garm Ser, Darwishan, Garmser.","district":"Garm Ser","Code":"3006"},{"id":"2912","name":"Sangin","provId":"29","geoId":"","provName":"Helmand","alternateNames":"Sangin.","district":"Sangin","Code":"3008"},{"id":"2913","name":"Reg(Khanshin)","provId":"29","geoId":"","provName":"Helmand","alternateNames":"Reg, Registan.  (There is also a Reg-e Khan Neshin, in Kandahar, and a Ragistan in Badakhshan.)","district":"Reg","Code":"2716"},{"id":"3001","name":"Kandahar","provId":"30","geoId":"","provName":"Kandahar","alternateNames":"Andarab, Bano Andarab.","district":"Andarab","Code":"0907"},{"id":"3002","name":"Daman","provId":"30","geoId":"","provName":"Kandahar","alternateNames":"Daman.","district":"Daman","Code":"2703"},{"id":"3003","name":"Shah Wali Kot","provId":"30","geoId":"","provName":"Kandahar","alternateNames":"Shah Wali Kot, Shahwalikot, Shah Walikot..","district":"Shah Wali Kot","Code":"2706"},{"id":"3004","name":"Arghandab","provId":"30","geoId":"","provName":"Kandahar","alternateNames":"Andarab, Bano Andarab.","district":"Andarab","Code":"0907"},{"id":"3005","name":"Khakrez","provId":"30","geoId":"","provName":"Kandahar","alternateNames":"Khakrez, Khakriz.","district":"Khakrez","Code":"2707"},{"id":"3006","name":"","provId":"30","geoId":"","provName":"Kandahar","alternateNames":"Arghanj Khwah, Arghanjkhwa.","district":"Arghanj Khwah","Code":"1703"},{"id":"3007","name":"Maywand","provId":"30","geoId":"","provName":"Kandahar","alternateNames":"Maiwand, Maywand.","district":"Maiwand","Code":"2710"},{"id":"3008","name":"Panjwayi","provId":"30","geoId":"","provName":"Kandahar","alternateNames":"Panjwayee, Panjwayi, Panjwa'i, Panjwai.","district":"Panjwayee","Code":"2704"},{"id":"3009","name":"Registan","provId":"30","geoId":"","provName":"Kandahar"},{"id":"3010","name":"","provId":"30","geoId":"","provName":"Kandahar","alternateNames":"Arghanj Khwah, Arghanjkhwa.","district":"Arghanj Khwah","Code":"1703"},{"id":"3011","name":"Spin Boldak","provId":"30","geoId":"","provName":"Kandahar","alternateNames":"Spin Boldak, Spinboldak.  (Takhta Pul is part of Spin Boldak in the 399 an 407 sets.)","district":"Spin Boldak","Code":"2711"},{"id":"3012","name":"Arghistan","provId":"30","geoId":"","provName":"Kandahar","alternateNames":"Kohistan, Kohestiani.  (There is also a Kohistan in Faryab, a Hissa-e-Awali Kohistan in Kapisa, a Hissa-e Duome Kohistan in Kapisa, and a Kohistanat in Saripul.)","district":"Kohistan","Code":"1708"},{"id":"3013","name":"Maruf","provId":"30","geoId":"","provName":"Kandahar","alternateNames":"Maruf, Ma'ruf, Maroof.","district":"Maruf","Code":"2715"},{"id":"3014","name":"","provId":"30","geoId":"","provName":"Kandahar","alternateNames":"Arghanj Khwah, Arghanjkhwa.","district":"Arghanj Khwah","Code":"1703"},{"id":"3015","name":"Nesh","provId":"30","geoId":"","provName":"Kandahar","alternateNames":"Nesh, Nish.","district":"Nesh","Code":"2712"},{"id":"3016","name":"Zhari","provId":"30","geoId":"","provName":"Kandahar"},{"id":"3101","name":"Qala-I- Naw","provId":"31","geoId":"","provName":"Badghis","alternateNames":"Qala-i-Now, Qala-e-Naw, Qal'ah-ye Now.","district":"Qala-i-Now","Code":"3101"},{"id":"3102","name":"Ab Kamari","provId":"31","geoId":"","provName":"Badghis","alternateNames":"Ab Kamari, Ab-e Kamari, Abkamari.","district":"Ab Kamari","Code":"3102"},{"id":"3103","name":"Qadis","provId":"31","geoId":"","provName":"Badghis","alternateNames":"Qadis.  (Some consider Dara-e Bom to be a district.  It is included in Qadis here.)","district":"Qadis","Code":"3104"},{"id":"3104","name":"Jawand","provId":"31","geoId":"","provName":"Badghis","alternateNames":"Yawan.","district":"Yawan","Code":"1709"},{"id":"3105","name":"Ghormach","provId":"31","geoId":"","provName":"Badghis","alternateNames":"Ghormach, Ghormuch.  (All of the district sets presented here list Ghormach in Badghis.  The IDLG, along with many news sources, report it as part of Faryab.)","district":"Ghormach","Code":"3107"},{"id":"3106","name":"Bala Murghab","provId":"31","geoId":"","provName":"Badghis","alternateNames":"Murghab, Bala Murghab, Balamerghab.","district":"Murghab","Code":"3105"},{"id":"3107","name":"Muqur","provId":"31","geoId":"","provName":"Badghis","alternateNames":"Muqur, Moqur, Moqor.  (There is also a Moqur district in Ghazni.)","district":"Muqur","Code":"3103"},{"id":"3201","name":"Hirat","provId":"32","geoId":"","provName":"Herat"},{"id":"3202","name":"Injil","provId":"32","geoId":"","provName":"Herat","alternateNames":"Enjil, Injil.","district":"Enjil","Code":"3202"},{"id":"3203","name":"Guzara","provId":"32","geoId":"","provName":"Herat"},{"id":"3204","name":"Pashtun Zarghun","provId":"32","geoId":"","provName":"Herat","alternateNames":"Pashtun Zarghun, Pashtoon Zarghoon, Pashtunzarghun.","district":"Pashtun Zarghun","Code":"3206"},{"id":"3205","name":"Karukh","provId":"32","geoId":"","provName":"Herat","alternateNames":"Karrukh, Karukh.","district":"Karrukh","Code":"3204"},{"id":"3206","name":"Koshk","provId":"32","geoId":"","provName":"Herat"},{"id":"3207","name":"Gulran","provId":"32","geoId":"","provName":"Herat","alternateNames":"Gulran, Golran.","district":"Gulran","Code":"3208"},{"id":"3208","name":"Kohsan","provId":"32","geoId":"","provName":"Herat","alternateNames":"Kohsan, Kehsan, Kashan.","district":"Kohsan","Code":"3213"},{"id":"3209","name":"Ghoryan","provId":"32","geoId":"","provName":"Herat","alternateNames":"Ghoryan, Ghorian.","district":"Ghoryan","Code":"3211"},{"id":"3210","name":"Zanda  Jan","provId":"32","geoId":"","provName":"Herat"},{"id":"3211","name":"Adraskan","provId":"32","geoId":"","provName":"Herat","alternateNames":"Adraskan.","district":"Adraskan","Code":"3209"},{"id":"3212","name":"Obe","provId":"32","geoId":"","provName":"Herat","alternateNames":"Obe, Oba, Obeh.","district":"Obe","Code":"3212"},{"id":"3213","name":"Farsi","provId":"32","geoId":"","provName":"Herat","alternateNames":"Farsi.","district":"Farsi","Code":"3215"},{"id":"3214","name":"Shindand","provId":"32","geoId":"","provName":"Herat","alternateNames":"Shindand, Sabzwar. Shindand, Esfezar (Shindand's five buluk subdivisions were split into five districts in the 419 and 421 set.  One of them still named Shindand.)","district":"Shindand","Code":"3214"},{"id":"3215","name":"Chishti Sharif","provId":"32","geoId":"","provName":"Herat","alternateNames":"Chishti Sharif, Chisht-e-Sharif, Khwaja Chist.","district":"Chishti Sharif","Code":"3216"},{"id":"3216","name":"Koshki Kohna","provId":"32","geoId":"","provName":"Herat"},{"id":"3301","name":"Farah","provId":"33","geoId":"","provName":"Farah","alternateNames":"Farah.","district":"Farah","Code":"3301"},{"id":"3302","name":"Bakwa","provId":"33","geoId":"","provName":"Farah","alternateNames":"Bakwa.","district":"Bakwa","Code":"3308"},{"id":"3303","name":"Gulistan","provId":"33","geoId":"","provName":"Farah","alternateNames":"Gulistan, Gulestan.","district":"Gulistan","Code":"3310"},{"id":"3304","name":"Pur Chaman","provId":"33","geoId":"","provName":"Farah","alternateNames":"Pur Chaman, Purchaman, Parchaman.","district":"Pur Chaman","Code":"3311"},{"id":"3305","name":"Bala Buluk","provId":"33","geoId":"","provName":"Farah","alternateNames":"Bala Buluk, Bala Boluk, Balabuluk.","district":"Bala Buluk","Code":"3306"},{"id":"3306","name":"Khaki Safed","provId":"33","geoId":"","provName":"Farah","alternateNames":"Khak-i-Safed, Khak-e-Safed, Khak-i-Safid.","district":"Khak-i-Safed","Code":"3303"},{"id":"3307","name":"Anar Dara","provId":"33","geoId":"","provName":"Farah","alternateNames":"Andarab, Bano Andarab.","district":"Andarab","Code":"0907"},{"id":"3308","name":"Qala Ka","provId":"33","geoId":"","provName":"Farah","alternateNames":"Kalakan.","district":"Kalakan","Code":"0110"},{"id":"3309","name":"Lash Wa Juwayn","provId":"33","geoId":"","provName":"Farah","alternateNames":"Lash-i-Juwayn, Lash-e-Juwayn, Lash wa Juwayn.","district":"Lash-i-Juwayn","Code":"3309"},{"id":"3310","name":"Shib Koh","provId":"33","geoId":"","provName":"Farah","alternateNames":"Shibkoh, Shib Koh, Shayb Koh.","district":"Shibkoh","Code":"3305"},{"id":"3311","name":"Pusht Rod","provId":"33","geoId":"","provName":"Farah","alternateNames":"Pushtrud, Pushtrod, Pusht-e Rod, Pusht Road, Poshtrud.","district":"Pushtrud","Code":"3302"},{"id":"3401","name":"Zaranj","provId":"34","geoId":"","provName":"Nimroz","alternateNames":"Zaranj.","district":"Zaranj","Code":"3401"},{"id":"3402","name":"Kang","provId":"34","geoId":"","provName":"Nimroz","alternateNames":"Kang, Qafak.","district":"Kang","Code":"3402"},{"id":"3403","name":"Chahar Burjak","provId":"34","geoId":"","provName":"Nimroz","alternateNames":"Char Burjak, Chahar Burjak, Charburjak.","district":"Char Burjak","Code":"3404"},{"id":"3404","name":"Chakhansur","provId":"34","geoId":"","provName":"Nimroz","alternateNames":"Chakhansur","district":"Asl-i-Chakhansur","Code":"3403"},{"id":"3405","name":"Khash Rod","provId":"34","geoId":"","provName":"Nimroz","alternateNames":"Khash.","district":"Khash","Code":"1705"},{"id":"3406","name":"Dilaram","provId":"34","geoId":"","provName":"Nimroz","alternateNames":"Dilaram, Delaram.  (Dilaram is part of Kashrod in the 399 district set.)","district":"Dilaram","Code":"3406"}]
